,Fit_max,IM_max,Ld,RW,Rescaled_LD
0,87,92,-5.0,0.1,3.018395968222748e-16
1,89,106,-4.8,0.1,2.8976601294938384e-16
2,128,92,-4.6,0.1,2.776924290764928e-16
3,93,84,-4.4,0.1,2.6561884520360187e-16
4,98,98,-4.199999999999999,0.1,2.535452613307108e-16
5,115,89,-3.999999999999999,0.1,2.414716774578198e-16
6,139,110,-3.799999999999999,0.1,2.2939809358492877e-16
7,142,90,-3.5999999999999988,0.1,2.173245097120378e-16
8,130,134,-3.3999999999999986,0.1,2.0525092583914678e-16
9,147,139,-3.1999999999999984,0.1,1.9317734196625578e-16
10,152,166,-2.9999999999999982,0.1,1.811037580933648e-16
11,158,161,-2.799999999999998,0.1,1.6903017422047378e-16
12,148,162,-2.599999999999998,0.1,1.5695659034758278e-16
13,150,149,-2.3999999999999977,0.1,1.4488300647469177e-16
14,156,147,-2.199999999999997,0.1,1.3280942260180074e-16
15,148,134,-1.9999999999999971,0.1,1.2073583872890975e-16
16,156,130,-1.7999999999999972,0.1,1.0866225485601876e-16
17,151,150,-1.599999999999997,0.1,9.658867098312776e-17
18,155,159,-1.3999999999999968,0.1,8.451508711023676e-17
19,165,165,-1.1999999999999966,0.1,7.244150323734575e-17
20,166,162,-0.9999999999999964,0.1,6.036791936445475e-17
21,166,152,-0.7999999999999963,0.1,4.8294335491563747e-17
22,164,165,-0.5999999999999961,0.1,3.6220751618672745e-17
23,159,148,-0.3999999999999959,0.1,2.4147167745781738e-17
24,155,142,-0.1999999999999957,0.1,1.2073583872890733e-17
25,164,164,4.440892098500626e-15,0.1,-2.68087416108531e-31
26,169,163,0.2000000000000046,0.1,-1.207358387289127e-17
27,161,168,0.4000000000000048,0.1,-2.4147167745782274e-17
28,168,157,0.600000000000005,0.1,-3.622075161867328e-17
29,155,132,0.8000000000000052,0.1,-4.829433549156428e-17
30,157,156,1.000000000000005,0.1,-6.036791936445527e-17
31,153,143,1.2000000000000055,0.1,-7.244150323734629e-17
32,154,137,1.4000000000000057,0.1,-8.451508711023729e-17
33,144,127,1.600000000000006,0.1,-9.658867098312831e-17
34,158,161,1.800000000000006,0.1,-1.086622548560193e-16
35,147,104,2.000000000000006,0.1,-1.207358387289103e-16
36,145,114,2.2000000000000064,0.1,-1.328094226018013e-16
37,146,149,2.4000000000000066,0.1,-1.448830064746923e-16
38,146,137,2.6000000000000068,0.1,-1.5695659034758332e-16
39,138,110,2.800000000000007,0.1,-1.6903017422047433e-16
40,96,101,3.000000000000007,0.1,-1.811037580933653e-16
41,128,89,3.2000000000000064,0.1,-1.9317734196625627e-16
42,116,100,3.4000000000000075,0.1,-2.0525092583914733e-16
43,116,115,3.6000000000000085,0.1,-2.1732450971203838e-16
44,99,99,3.800000000000008,0.1,-2.293980935849293e-16
45,101,89,4.000000000000007,0.1,-2.414716774578203e-16
46,88,107,4.200000000000008,0.1,-2.5354526133071133e-16
47,87,82,4.400000000000009,0.1,-2.656188452036024e-16
48,79,94,4.6000000000000085,0.1,-2.7769242907649335e-16
49,90,99,4.800000000000008,0.1,-2.897660129493843e-16
50,81,69,5.000000000000009,0.1,-3.0183959682227536e-16
51,88,89,-5.0,0.2,3.018395968222748e-16
52,94,85,-4.8,0.2,2.8976601294938384e-16
53,74,90,-4.6,0.2,2.776924290764928e-16
54,101,121,-4.4,0.2,2.6561884520360187e-16
55,89,92,-4.199999999999999,0.2,2.535452613307108e-16
56,89,74,-3.999999999999999,0.2,2.414716774578198e-16
57,93,150,-3.799999999999999,0.2,2.2939809358492877e-16
58,102,90,-3.5999999999999988,0.2,2.173245097120378e-16
59,134,98,-3.3999999999999986,0.2,2.0525092583914678e-16
60,120,109,-3.1999999999999984,0.2,1.9317734196625578e-16
61,140,139,-2.9999999999999982,0.2,1.811037580933648e-16
62,143,156,-2.799999999999998,0.2,1.6903017422047378e-16
63,140,112,-2.599999999999998,0.2,1.5695659034758278e-16
64,155,153,-2.3999999999999977,0.2,1.4488300647469177e-16
65,159,124,-2.199999999999997,0.2,1.3280942260180074e-16
66,148,156,-1.9999999999999971,0.2,1.2073583872890975e-16
67,153,164,-1.7999999999999972,0.2,1.0866225485601876e-16
68,164,136,-1.599999999999997,0.2,9.658867098312776e-17
69,148,155,-1.3999999999999968,0.2,8.451508711023676e-17
70,152,163,-1.1999999999999966,0.2,7.244150323734575e-17
71,155,135,-0.9999999999999964,0.2,6.036791936445475e-17
72,153,169,-0.7999999999999963,0.2,4.8294335491563747e-17
73,145,167,-0.5999999999999961,0.2,3.6220751618672745e-17
74,164,150,-0.3999999999999959,0.2,2.4147167745781738e-17
75,162,156,-0.1999999999999957,0.2,1.2073583872890733e-17
76,162,157,4.440892098500626e-15,0.2,-2.68087416108531e-31
77,161,160,0.2000000000000046,0.2,-1.207358387289127e-17
78,147,139,0.4000000000000048,0.2,-2.4147167745782274e-17
79,159,169,0.600000000000005,0.2,-3.622075161867328e-17
80,158,150,0.8000000000000052,0.2,-4.829433549156428e-17
81,149,161,1.000000000000005,0.2,-6.036791936445527e-17
82,145,138,1.2000000000000055,0.2,-7.244150323734629e-17
83,150,160,1.4000000000000057,0.2,-8.451508711023729e-17
84,153,126,1.600000000000006,0.2,-9.658867098312831e-17
85,147,153,1.800000000000006,0.2,-1.086622548560193e-16
86,155,96,2.000000000000006,0.2,-1.207358387289103e-16
87,142,107,2.2000000000000064,0.2,-1.328094226018013e-16
88,116,93,2.4000000000000066,0.2,-1.448830064746923e-16
89,130,141,2.6000000000000068,0.2,-1.5695659034758332e-16
90,123,139,2.800000000000007,0.2,-1.6903017422047433e-16
91,97,90,3.000000000000007,0.2,-1.811037580933653e-16
92,94,103,3.2000000000000064,0.2,-1.9317734196625627e-16
93,89,107,3.4000000000000075,0.2,-2.0525092583914733e-16
94,87,100,3.6000000000000085,0.2,-2.1732450971203838e-16
95,80,91,3.800000000000008,0.2,-2.293980935849293e-16
96,83,98,4.000000000000007,0.2,-2.414716774578203e-16
97,85,92,4.200000000000008,0.2,-2.5354526133071133e-16
98,83,86,4.400000000000009,0.2,-2.656188452036024e-16
99,78,69,4.6000000000000085,0.2,-2.7769242907649335e-16
100,80,91,4.800000000000008,0.2,-2.897660129493843e-16
101,79,75,5.000000000000009,0.2,-3.0183959682227536e-16
102,85,105,-5.0,0.3,3.018395968222748e-16
103,79,75,-4.8,0.3,2.8976601294938384e-16
104,80,94,-4.6,0.3,2.776924290764928e-16
105,83,90,-4.4,0.3,2.6561884520360187e-16
106,77,74,-4.199999999999999,0.3,2.535452613307108e-16
107,73,83,-3.999999999999999,0.3,2.414716774578198e-16
108,83,77,-3.799999999999999,0.3,2.2939809358492877e-16
109,82,89,-3.5999999999999988,0.3,2.173245097120378e-16
110,120,111,-3.3999999999999986,0.3,2.0525092583914678e-16
111,87,99,-3.1999999999999984,0.3,1.9317734196625578e-16
112,95,89,-2.9999999999999982,0.3,1.811037580933648e-16
113,130,103,-2.799999999999998,0.3,1.6903017422047378e-16
114,108,81,-2.599999999999998,0.3,1.5695659034758278e-16
115,123,101,-2.3999999999999977,0.3,1.4488300647469177e-16
116,100,152,-2.199999999999997,0.3,1.3280942260180074e-16
117,143,137,-1.9999999999999971,0.3,1.2073583872890975e-16
118,140,107,-1.7999999999999972,0.3,1.0866225485601876e-16
119,152,150,-1.599999999999997,0.3,9.658867098312776e-17
120,151,135,-1.3999999999999968,0.3,8.451508711023676e-17
121,132,115,-1.1999999999999966,0.3,7.244150323734575e-17
122,148,139,-0.9999999999999964,0.3,6.036791936445475e-17
123,142,163,-0.7999999999999963,0.3,4.8294335491563747e-17
124,153,136,-0.5999999999999961,0.3,3.6220751618672745e-17
125,165,116,-0.3999999999999959,0.3,2.4147167745781738e-17
126,151,143,-0.1999999999999957,0.3,1.2073583872890733e-17
127,140,123,4.440892098500626e-15,0.3,-2.68087416108531e-31
128,136,116,0.2000000000000046,0.3,-1.207358387289127e-17
129,169,155,0.4000000000000048,0.3,-2.4147167745782274e-17
130,105,102,0.600000000000005,0.3,-3.622075161867328e-17
131,136,122,0.8000000000000052,0.3,-4.829433549156428e-17
132,150,102,1.000000000000005,0.3,-6.036791936445527e-17
133,145,129,1.2000000000000055,0.3,-7.244150323734629e-17
134,103,127,1.4000000000000057,0.3,-8.451508711023729e-17
135,133,85,1.600000000000006,0.3,-9.658867098312831e-17
136,123,95,1.800000000000006,0.3,-1.086622548560193e-16
137,98,122,2.000000000000006,0.3,-1.207358387289103e-16
138,132,108,2.2000000000000064,0.3,-1.328094226018013e-16
139,73,90,2.4000000000000066,0.3,-1.448830064746923e-16
140,85,80,2.6000000000000068,0.3,-1.5695659034758332e-16
141,91,122,2.800000000000007,0.3,-1.6903017422047433e-16
142,87,107,3.000000000000007,0.3,-1.811037580933653e-16
143,88,65,3.2000000000000064,0.3,-1.9317734196625627e-16
144,79,72,3.4000000000000075,0.3,-2.0525092583914733e-16
145,77,71,3.6000000000000085,0.3,-2.1732450971203838e-16
146,77,106,3.800000000000008,0.3,-2.293980935849293e-16
147,86,75,4.000000000000007,0.3,-2.414716774578203e-16
148,69,85,4.200000000000008,0.3,-2.5354526133071133e-16
149,72,91,4.400000000000009,0.3,-2.656188452036024e-16
150,70,82,4.6000000000000085,0.3,-2.7769242907649335e-16
151,68,58,4.800000000000008,0.3,-2.897660129493843e-16
152,72,79,5.000000000000009,0.3,-3.0183959682227536e-16
153,67,70,-5.0,0.4,3.018395968222748e-16
154,61,58,-4.8,0.4,2.8976601294938384e-16
155,73,89,-4.6,0.4,2.776924290764928e-16
156,70,70,-4.4,0.4,2.6561884520360187e-16
157,69,64,-4.199999999999999,0.4,2.535452613307108e-16
158,78,110,-3.999999999999999,0.4,2.414716774578198e-16
159,70,69,-3.799999999999999,0.4,2.2939809358492877e-16
160,77,92,-3.5999999999999988,0.4,2.173245097120378e-16
161,70,76,-3.3999999999999986,0.4,2.0525092583914678e-16
162,80,90,-3.1999999999999984,0.4,1.9317734196625578e-16
163,65,63,-2.9999999999999982,0.4,1.811037580933648e-16
164,80,115,-2.799999999999998,0.4,1.6903017422047378e-16
165,96,115,-2.599999999999998,0.4,1.5695659034758278e-16
166,79,82,-2.3999999999999977,0.4,1.4488300647469177e-16
167,82,92,-2.199999999999997,0.4,1.3280942260180074e-16
168,67,75,-1.9999999999999971,0.4,1.2073583872890975e-16
169,78,102,-1.7999999999999972,0.4,1.0866225485601876e-16
170,68,83,-1.599999999999997,0.4,9.658867098312776e-17
171,83,93,-1.3999999999999968,0.4,8.451508711023676e-17
172,75,94,-1.1999999999999966,0.4,7.244150323734575e-17
173,63,98,-0.9999999999999964,0.4,6.036791936445475e-17
174,88,117,-0.7999999999999963,0.4,4.8294335491563747e-17
175,83,85,-0.5999999999999961,0.4,3.6220751618672745e-17
176,87,100,-0.3999999999999959,0.4,2.4147167745781738e-17
177,130,93,-0.1999999999999957,0.4,1.2073583872890733e-17
178,78,99,4.440892098500626e-15,0.4,-2.68087416108531e-31
179,90,97,0.2000000000000046,0.4,-1.207358387289127e-17
180,73,56,0.4000000000000048,0.4,-2.4147167745782274e-17
181,90,100,0.600000000000005,0.4,-3.622075161867328e-17
182,92,115,0.8000000000000052,0.4,-4.829433549156428e-17
183,77,77,1.000000000000005,0.4,-6.036791936445527e-17
184,79,95,1.2000000000000055,0.4,-7.244150323734629e-17
185,69,82,1.4000000000000057,0.4,-8.451508711023729e-17
186,80,86,1.600000000000006,0.4,-9.658867098312831e-17
187,75,91,1.800000000000006,0.4,-1.086622548560193e-16
188,77,90,2.000000000000006,0.4,-1.207358387289103e-16
189,70,72,2.2000000000000064,0.4,-1.328094226018013e-16
190,69,103,2.4000000000000066,0.4,-1.448830064746923e-16
191,66,92,2.6000000000000068,0.4,-1.5695659034758332e-16
192,77,102,2.800000000000007,0.4,-1.6903017422047433e-16
193,71,87,3.000000000000007,0.4,-1.811037580933653e-16
194,71,89,3.2000000000000064,0.4,-1.9317734196625627e-16
195,72,59,3.4000000000000075,0.4,-2.0525092583914733e-16
196,64,57,3.6000000000000085,0.4,-2.1732450971203838e-16
197,74,65,3.800000000000008,0.4,-2.293980935849293e-16
198,67,65,4.000000000000007,0.4,-2.414716774578203e-16
199,73,71,4.200000000000008,0.4,-2.5354526133071133e-16
200,62,70,4.400000000000009,0.4,-2.656188452036024e-16
201,73,77,4.6000000000000085,0.4,-2.7769242907649335e-16
202,59,70,4.800000000000008,0.4,-2.897660129493843e-16
203,62,71,5.000000000000009,0.4,-3.0183959682227536e-16
204,66,83,-5.0,0.5,3.018395968222748e-16
205,57,54,-4.8,0.5,2.8976601294938384e-16
206,59,85,-4.6,0.5,2.776924290764928e-16
207,68,76,-4.4,0.5,2.6561884520360187e-16
208,62,51,-4.199999999999999,0.5,2.535452613307108e-16
209,61,70,-3.999999999999999,0.5,2.414716774578198e-16
210,57,56,-3.799999999999999,0.5,2.2939809358492877e-16
211,64,93,-3.5999999999999988,0.5,2.173245097120378e-16
212,65,62,-3.3999999999999986,0.5,2.0525092583914678e-16
213,58,72,-3.1999999999999984,0.5,1.9317734196625578e-16
214,69,73,-2.9999999999999982,0.5,1.811037580933648e-16
215,61,90,-2.799999999999998,0.5,1.6903017422047378e-16
216,69,78,-2.599999999999998,0.5,1.5695659034758278e-16
217,64,71,-2.3999999999999977,0.5,1.4488300647469177e-16
218,64,61,-2.199999999999997,0.5,1.3280942260180074e-16
219,62,55,-1.9999999999999971,0.5,1.2073583872890975e-16
220,68,71,-1.7999999999999972,0.5,1.0866225485601876e-16
221,66,70,-1.599999999999997,0.5,9.658867098312776e-17
222,62,54,-1.3999999999999968,0.5,8.451508711023676e-17
223,75,73,-1.1999999999999966,0.5,7.244150323734575e-17
224,70,108,-0.9999999999999964,0.5,6.036791936445475e-17
225,64,73,-0.7999999999999963,0.5,4.8294335491563747e-17
226,70,85,-0.5999999999999961,0.5,3.6220751618672745e-17
227,59,48,-0.3999999999999959,0.5,2.4147167745781738e-17
228,67,67,-0.1999999999999957,0.5,1.2073583872890733e-17
229,69,88,4.440892098500626e-15,0.5,-2.68087416108531e-31
230,77,97,0.2000000000000046,0.5,-1.207358387289127e-17
231,64,69,0.4000000000000048,0.5,-2.4147167745782274e-17
232,64,66,0.600000000000005,0.5,-3.622075161867328e-17
233,70,78,0.8000000000000052,0.5,-4.829433549156428e-17
234,67,64,1.000000000000005,0.5,-6.036791936445527e-17
235,79,78,1.2000000000000055,0.5,-7.244150323734629e-17
236,60,84,1.4000000000000057,0.5,-8.451508711023729e-17
237,67,55,1.600000000000006,0.5,-9.658867098312831e-17
238,66,61,1.800000000000006,0.5,-1.086622548560193e-16
239,65,65,2.000000000000006,0.5,-1.207358387289103e-16
240,67,58,2.2000000000000064,0.5,-1.328094226018013e-16
241,67,63,2.4000000000000066,0.5,-1.448830064746923e-16
242,68,59,2.6000000000000068,0.5,-1.5695659034758332e-16
243,63,46,2.800000000000007,0.5,-1.6903017422047433e-16
244,62,54,3.000000000000007,0.5,-1.811037580933653e-16
245,60,63,3.2000000000000064,0.5,-1.9317734196625627e-16
246,64,74,3.4000000000000075,0.5,-2.0525092583914733e-16
247,62,69,3.6000000000000085,0.5,-2.1732450971203838e-16
248,56,61,3.800000000000008,0.5,-2.293980935849293e-16
249,63,73,4.000000000000007,0.5,-2.414716774578203e-16
250,65,84,4.200000000000008,0.5,-2.5354526133071133e-16
251,59,59,4.400000000000009,0.5,-2.656188452036024e-16
252,56,59,4.6000000000000085,0.5,-2.7769242907649335e-16
253,63,85,4.800000000000008,0.5,-2.897660129493843e-16
254,59,57,5.000000000000009,0.5,-3.0183959682227536e-16
255,51,40,-5.0,0.6,3.018395968222748e-16
256,57,60,-4.8,0.6,2.8976601294938384e-16
257,53,43,-4.6,0.6,2.776924290764928e-16
258,51,55,-4.4,0.6,2.6561884520360187e-16
259,56,44,-4.199999999999999,0.6,2.535452613307108e-16
260,52,62,-3.999999999999999,0.6,2.414716774578198e-16
261,56,53,-3.799999999999999,0.6,2.2939809358492877e-16
262,62,65,-3.5999999999999988,0.6,2.173245097120378e-16
263,58,67,-3.3999999999999986,0.6,2.0525092583914678e-16
264,57,69,-3.1999999999999984,0.6,1.9317734196625578e-16
265,55,62,-2.9999999999999982,0.6,1.811037580933648e-16
266,65,71,-2.799999999999998,0.6,1.6903017422047378e-16
267,54,62,-2.599999999999998,0.6,1.5695659034758278e-16
268,60,86,-2.3999999999999977,0.6,1.4488300647469177e-16
269,56,65,-2.199999999999997,0.6,1.3280942260180074e-16
270,57,64,-1.9999999999999971,0.6,1.2073583872890975e-16
271,53,28,-1.7999999999999972,0.6,1.0866225485601876e-16
272,56,57,-1.599999999999997,0.6,9.658867098312776e-17
273,60,72,-1.3999999999999968,0.6,8.451508711023676e-17
274,55,65,-1.1999999999999966,0.6,7.244150323734575e-17
275,59,64,-0.9999999999999964,0.6,6.036791936445475e-17
276,55,93,-0.7999999999999963,0.6,4.8294335491563747e-17
277,59,69,-0.5999999999999961,0.6,3.6220751618672745e-17
278,57,46,-0.3999999999999959,0.6,2.4147167745781738e-17
279,55,51,-0.1999999999999957,0.6,1.2073583872890733e-17
280,56,77,4.440892098500626e-15,0.6,-2.68087416108531e-31
281,54,54,0.2000000000000046,0.6,-1.207358387289127e-17
282,56,61,0.4000000000000048,0.6,-2.4147167745782274e-17
283,54,56,0.600000000000005,0.6,-3.622075161867328e-17
284,54,55,0.8000000000000052,0.6,-4.829433549156428e-17
285,56,60,1.000000000000005,0.6,-6.036791936445527e-17
286,63,63,1.2000000000000055,0.6,-7.244150323734629e-17
287,61,38,1.4000000000000057,0.6,-8.451508711023729e-17
288,65,76,1.600000000000006,0.6,-9.658867098312831e-17
289,58,82,1.800000000000006,0.6,-1.086622548560193e-16
290,53,64,2.000000000000006,0.6,-1.207358387289103e-16
291,56,56,2.2000000000000064,0.6,-1.328094226018013e-16
292,56,45,2.4000000000000066,0.6,-1.448830064746923e-16
293,58,56,2.6000000000000068,0.6,-1.5695659034758332e-16
294,54,43,2.800000000000007,0.6,-1.6903017422047433e-16
295,59,100,3.000000000000007,0.6,-1.811037580933653e-16
296,52,57,3.2000000000000064,0.6,-1.9317734196625627e-16
297,54,68,3.4000000000000075,0.6,-2.0525092583914733e-16
298,56,47,3.6000000000000085,0.6,-2.1732450971203838e-16
299,56,43,3.800000000000008,0.6,-2.293980935849293e-16
300,52,44,4.000000000000007,0.6,-2.414716774578203e-16
301,53,55,4.200000000000008,0.6,-2.5354526133071133e-16
302,52,49,4.400000000000009,0.6,-2.656188452036024e-16
303,54,52,4.6000000000000085,0.6,-2.7769242907649335e-16
304,54,53,4.800000000000008,0.6,-2.897660129493843e-16
305,53,47,5.000000000000009,0.6,-3.0183959682227536e-16
306,48,43,-5.0,0.7000000000000001,3.018395968222748e-16
307,44,41,-4.8,0.7000000000000001,2.8976601294938384e-16
308,48,48,-4.6,0.7000000000000001,2.776924290764928e-16
309,46,50,-4.4,0.7000000000000001,2.6561884520360187e-16
310,45,46,-4.199999999999999,0.7000000000000001,2.535452613307108e-16
311,47,38,-3.999999999999999,0.7000000000000001,2.414716774578198e-16
312,49,38,-3.799999999999999,0.7000000000000001,2.2939809358492877e-16
313,49,39,-3.5999999999999988,0.7000000000000001,2.173245097120378e-16
314,44,50,-3.3999999999999986,0.7000000000000001,2.0525092583914678e-16
315,46,47,-3.1999999999999984,0.7000000000000001,1.9317734196625578e-16
316,45,39,-2.9999999999999982,0.7000000000000001,1.811037580933648e-16
317,48,46,-2.799999999999998,0.7000000000000001,1.6903017422047378e-16
318,45,34,-2.599999999999998,0.7000000000000001,1.5695659034758278e-16
319,47,55,-2.3999999999999977,0.7000000000000001,1.4488300647469177e-16
320,50,50,-2.199999999999997,0.7000000000000001,1.3280942260180074e-16
321,47,35,-1.9999999999999971,0.7000000000000001,1.2073583872890975e-16
322,43,41,-1.7999999999999972,0.7000000000000001,1.0866225485601876e-16
323,50,65,-1.599999999999997,0.7000000000000001,9.658867098312776e-17
324,49,42,-1.3999999999999968,0.7000000000000001,8.451508711023676e-17
325,51,61,-1.1999999999999966,0.7000000000000001,7.244150323734575e-17
326,51,45,-0.9999999999999964,0.7000000000000001,6.036791936445475e-17
327,43,36,-0.7999999999999963,0.7000000000000001,4.8294335491563747e-17
328,48,53,-0.5999999999999961,0.7000000000000001,3.6220751618672745e-17
329,48,55,-0.3999999999999959,0.7000000000000001,2.4147167745781738e-17
330,46,43,-0.1999999999999957,0.7000000000000001,1.2073583872890733e-17
331,50,47,4.440892098500626e-15,0.7000000000000001,-2.68087416108531e-31
332,53,47,0.2000000000000046,0.7000000000000001,-1.207358387289127e-17
333,57,50,0.4000000000000048,0.7000000000000001,-2.4147167745782274e-17
334,48,34,0.600000000000005,0.7000000000000001,-3.622075161867328e-17
335,47,29,0.8000000000000052,0.7000000000000001,-4.829433549156428e-17
336,51,51,1.000000000000005,0.7000000000000001,-6.036791936445527e-17
337,52,44,1.2000000000000055,0.7000000000000001,-7.244150323734629e-17
338,50,51,1.4000000000000057,0.7000000000000001,-8.451508711023729e-17
339,49,55,1.600000000000006,0.7000000000000001,-9.658867098312831e-17
340,52,55,1.800000000000006,0.7000000000000001,-1.086622548560193e-16
341,44,37,2.000000000000006,0.7000000000000001,-1.207358387289103e-16
342,47,44,2.2000000000000064,0.7000000000000001,-1.328094226018013e-16
343,44,38,2.4000000000000066,0.7000000000000001,-1.448830064746923e-16
344,45,36,2.6000000000000068,0.7000000000000001,-1.5695659034758332e-16
345,48,57,2.800000000000007,0.7000000000000001,-1.6903017422047433e-16
346,48,37,3.000000000000007,0.7000000000000001,-1.811037580933653e-16
347,54,39,3.2000000000000064,0.7000000000000001,-1.9317734196625627e-16
348,49,51,3.4000000000000075,0.7000000000000001,-2.0525092583914733e-16
349,53,40,3.6000000000000085,0.7000000000000001,-2.1732450971203838e-16
350,48,32,3.800000000000008,0.7000000000000001,-2.293980935849293e-16
351,46,52,4.000000000000007,0.7000000000000001,-2.414716774578203e-16
352,54,43,4.200000000000008,0.7000000000000001,-2.5354526133071133e-16
353,47,31,4.400000000000009,0.7000000000000001,-2.656188452036024e-16
354,41,45,4.6000000000000085,0.7000000000000001,-2.7769242907649335e-16
355,48,44,4.800000000000008,0.7000000000000001,-2.897660129493843e-16
356,51,48,5.000000000000009,0.7000000000000001,-3.0183959682227536e-16
357,41,39,-5.0,0.8,3.018395968222748e-16
358,44,44,-4.8,0.8,2.8976601294938384e-16
359,41,24,-4.6,0.8,2.776924290764928e-16
360,41,45,-4.4,0.8,2.6561884520360187e-16
361,41,33,-4.199999999999999,0.8,2.535452613307108e-16
362,45,36,-3.999999999999999,0.8,2.414716774578198e-16
363,48,48,-3.799999999999999,0.8,2.2939809358492877e-16
364,41,26,-3.5999999999999988,0.8,2.173245097120378e-16
365,45,50,-3.3999999999999986,0.8,2.0525092583914678e-16
366,40,49,-3.1999999999999984,0.8,1.9317734196625578e-16
367,40,43,-2.9999999999999982,0.8,1.811037580933648e-16
368,44,42,-2.799999999999998,0.8,1.6903017422047378e-16
369,42,34,-2.599999999999998,0.8,1.5695659034758278e-16
370,41,27,-2.3999999999999977,0.8,1.4488300647469177e-16
371,44,48,-2.199999999999997,0.8,1.3280942260180074e-16
372,41,42,-1.9999999999999971,0.8,1.2073583872890975e-16
373,45,54,-1.7999999999999972,0.8,1.0866225485601876e-16
374,40,38,-1.599999999999997,0.8,9.658867098312776e-17
375,41,41,-1.3999999999999968,0.8,8.451508711023676e-17
376,46,40,-1.1999999999999966,0.8,7.244150323734575e-17
377,45,38,-0.9999999999999964,0.8,6.036791936445475e-17
378,40,37,-0.7999999999999963,0.8,4.8294335491563747e-17
379,45,41,-0.5999999999999961,0.8,3.6220751618672745e-17
380,40,37,-0.3999999999999959,0.8,2.4147167745781738e-17
381,42,34,-0.1999999999999957,0.8,1.2073583872890733e-17
382,46,44,4.440892098500626e-15,0.8,-2.68087416108531e-31
383,43,50,0.2000000000000046,0.8,-1.207358387289127e-17
384,43,47,0.4000000000000048,0.8,-2.4147167745782274e-17
385,39,42,0.600000000000005,0.8,-3.622075161867328e-17
386,44,57,0.8000000000000052,0.8,-4.829433549156428e-17
387,38,28,1.000000000000005,0.8,-6.036791936445527e-17
388,40,40,1.2000000000000055,0.8,-7.244150323734629e-17
389,48,51,1.4000000000000057,0.8,-8.451508711023729e-17
390,40,32,1.600000000000006,0.8,-9.658867098312831e-17
391,42,40,1.800000000000006,0.8,-1.086622548560193e-16
392,41,50,2.000000000000006,0.8,-1.207358387289103e-16
393,46,49,2.2000000000000064,0.8,-1.328094226018013e-16
394,39,34,2.4000000000000066,0.8,-1.448830064746923e-16
395,40,34,2.6000000000000068,0.8,-1.5695659034758332e-16
396,42,30,2.800000000000007,0.8,-1.6903017422047433e-16
397,42,39,3.000000000000007,0.8,-1.811037580933653e-16
398,40,30,3.2000000000000064,0.8,-1.9317734196625627e-16
399,41,35,3.4000000000000075,0.8,-2.0525092583914733e-16
400,46,54,3.6000000000000085,0.8,-2.1732450971203838e-16
401,41,43,3.800000000000008,0.8,-2.293980935849293e-16
402,42,41,4.000000000000007,0.8,-2.414716774578203e-16
403,42,37,4.200000000000008,0.8,-2.5354526133071133e-16
404,44,51,4.400000000000009,0.8,-2.656188452036024e-16
405,41,51,4.6000000000000085,0.8,-2.7769242907649335e-16
406,44,37,4.800000000000008,0.8,-2.897660129493843e-16
407,44,40,5.000000000000009,0.8,-3.0183959682227536e-16
408,35,27,-5.0,0.9,3.018395968222748e-16
409,38,28,-4.8,0.9,2.8976601294938384e-16
410,39,40,-4.6,0.9,2.776924290764928e-16
411,38,29,-4.4,0.9,2.6561884520360187e-16
412,38,33,-4.199999999999999,0.9,2.535452613307108e-16
413,39,39,-3.999999999999999,0.9,2.414716774578198e-16
414,34,26,-3.799999999999999,0.9,2.2939809358492877e-16
415,32,30,-3.5999999999999988,0.9,2.173245097120378e-16
416,34,30,-3.3999999999999986,0.9,2.0525092583914678e-16
417,38,49,-3.1999999999999984,0.9,1.9317734196625578e-16
418,36,42,-2.9999999999999982,0.9,1.811037580933648e-16
419,30,30,-2.799999999999998,0.9,1.6903017422047378e-16
420,40,39,-2.599999999999998,0.9,1.5695659034758278e-16
421,39,42,-2.3999999999999977,0.9,1.4488300647469177e-16
422,40,38,-2.199999999999997,0.9,1.3280942260180074e-16
423,40,45,-1.9999999999999971,0.9,1.2073583872890975e-16
424,32,39,-1.7999999999999972,0.9,1.0866225485601876e-16
425,34,20,-1.599999999999997,0.9,9.658867098312776e-17
426,31,21,-1.3999999999999968,0.9,8.451508711023676e-17
427,39,34,-1.1999999999999966,0.9,7.244150323734575e-17
428,36,29,-0.9999999999999964,0.9,6.036791936445475e-17
429,37,35,-0.7999999999999963,0.9,4.8294335491563747e-17
430,33,27,-0.5999999999999961,0.9,3.6220751618672745e-17
431,33,22,-0.3999999999999959,0.9,2.4147167745781738e-17
432,38,28,-0.1999999999999957,0.9,1.2073583872890733e-17
433,40,52,4.440892098500626e-15,0.9,-2.68087416108531e-31
434,33,35,0.2000000000000046,0.9,-1.207358387289127e-17
435,35,25,0.4000000000000048,0.9,-2.4147167745782274e-17
436,41,37,0.600000000000005,0.9,-3.622075161867328e-17
437,34,25,0.8000000000000052,0.9,-4.829433549156428e-17
438,35,36,1.000000000000005,0.9,-6.036791936445527e-17
439,39,33,1.2000000000000055,0.9,-7.244150323734629e-17
440,38,41,1.4000000000000057,0.9,-8.451508711023729e-17
441,33,26,1.600000000000006,0.9,-9.658867098312831e-17
442,31,34,1.800000000000006,0.9,-1.086622548560193e-16
443,35,29,2.000000000000006,0.9,-1.207358387289103e-16
444,36,38,2.2000000000000064,0.9,-1.328094226018013e-16
445,36,28,2.4000000000000066,0.9,-1.448830064746923e-16
446,41,44,2.6000000000000068,0.9,-1.5695659034758332e-16
447,33,39,2.800000000000007,0.9,-1.6903017422047433e-16
448,36,32,3.000000000000007,0.9,-1.811037580933653e-16
449,37,27,3.2000000000000064,0.9,-1.9317734196625627e-16
450,38,37,3.4000000000000075,0.9,-2.0525092583914733e-16
451,38,38,3.6000000000000085,0.9,-2.1732450971203838e-16
452,37,37,3.800000000000008,0.9,-2.293980935849293e-16
453,39,44,4.000000000000007,0.9,-2.414716774578203e-16
454,36,31,4.200000000000008,0.9,-2.5354526133071133e-16
455,35,36,4.400000000000009,0.9,-2.656188452036024e-16
456,39,30,4.6000000000000085,0.9,-2.7769242907649335e-16
457,36,29,4.800000000000008,0.9,-2.897660129493843e-16
458,37,40,5.000000000000009,0.9,-3.0183959682227536e-16
459,30,34,-5.0,1.0,3.018395968222748e-16
460,30,33,-4.8,1.0,2.8976601294938384e-16
461,35,24,-4.6,1.0,2.776924290764928e-16
462,25,41,-4.4,1.0,2.6561884520360187e-16
463,29,32,-4.199999999999999,1.0,2.535452613307108e-16
464,30,28,-3.999999999999999,1.0,2.414716774578198e-16
465,28,25,-3.799999999999999,1.0,2.2939809358492877e-16
466,29,17,-3.5999999999999988,1.0,2.173245097120378e-16
467,33,31,-3.3999999999999986,1.0,2.0525092583914678e-16
468,32,30,-3.1999999999999984,1.0,1.9317734196625578e-16
469,30,32,-2.9999999999999982,1.0,1.811037580933648e-16
470,29,32,-2.799999999999998,1.0,1.6903017422047378e-16
471,32,42,-2.599999999999998,1.0,1.5695659034758278e-16
472,32,25,-2.3999999999999977,1.0,1.4488300647469177e-16
473,31,40,-2.199999999999997,1.0,1.3280942260180074e-16
474,28,32,-1.9999999999999971,1.0,1.2073583872890975e-16
475,33,26,-1.7999999999999972,1.0,1.0866225485601876e-16
476,32,31,-1.599999999999997,1.0,9.658867098312776e-17
477,30,26,-1.3999999999999968,1.0,8.451508711023676e-17
478,33,45,-1.1999999999999966,1.0,7.244150323734575e-17
479,31,21,-0.9999999999999964,1.0,6.036791936445475e-17
480,35,35,-0.7999999999999963,1.0,4.8294335491563747e-17
481,29,26,-0.5999999999999961,1.0,3.6220751618672745e-17
482,36,27,-0.3999999999999959,1.0,2.4147167745781738e-17
483,33,25,-0.1999999999999957,1.0,1.2073583872890733e-17
484,32,45,4.440892098500626e-15,1.0,-2.68087416108531e-31
485,33,30,0.2000000000000046,1.0,-1.207358387289127e-17
486,33,33,0.4000000000000048,1.0,-2.4147167745782274e-17
487,29,29,0.600000000000005,1.0,-3.622075161867328e-17
488,30,32,0.8000000000000052,1.0,-4.829433549156428e-17
489,32,43,1.000000000000005,1.0,-6.036791936445527e-17
490,32,32,1.2000000000000055,1.0,-7.244150323734629e-17
491,32,30,1.4000000000000057,1.0,-8.451508711023729e-17
492,32,29,1.600000000000006,1.0,-9.658867098312831e-17
493,28,24,1.800000000000006,1.0,-1.086622548560193e-16
494,32,38,2.000000000000006,1.0,-1.207358387289103e-16
495,38,27,2.2000000000000064,1.0,-1.328094226018013e-16
496,34,38,2.4000000000000066,1.0,-1.448830064746923e-16
497,31,39,2.6000000000000068,1.0,-1.5695659034758332e-16
498,32,34,2.800000000000007,1.0,-1.6903017422047433e-16
499,34,31,3.000000000000007,1.0,-1.811037580933653e-16
500,29,35,3.2000000000000064,1.0,-1.9317734196625627e-16
501,35,31,3.4000000000000075,1.0,-2.0525092583914733e-16
502,28,23,3.6000000000000085,1.0,-2.1732450971203838e-16
503,33,41,3.800000000000008,1.0,-2.293980935849293e-16
504,33,38,4.000000000000007,1.0,-2.414716774578203e-16
505,37,28,4.200000000000008,1.0,-2.5354526133071133e-16
506,30,31,4.400000000000009,1.0,-2.656188452036024e-16
507,30,29,4.6000000000000085,1.0,-2.7769242907649335e-16
508,33,41,4.800000000000008,1.0,-2.897660129493843e-16
509,31,27,5.000000000000009,1.0,-3.0183959682227536e-16
510,26,26,-5.0,1.1,3.018395968222748e-16
511,27,29,-4.8,1.1,2.8976601294938384e-16
512,29,26,-4.6,1.1,2.776924290764928e-16
513,29,23,-4.4,1.1,2.6561884520360187e-16
514,27,25,-4.199999999999999,1.1,2.535452613307108e-16
515,26,26,-3.999999999999999,1.1,2.414716774578198e-16
516,30,29,-3.799999999999999,1.1,2.2939809358492877e-16
517,26,32,-3.5999999999999988,1.1,2.173245097120378e-16
518,29,25,-3.3999999999999986,1.1,2.0525092583914678e-16
519,29,27,-3.1999999999999984,1.1,1.9317734196625578e-16
520,29,29,-2.9999999999999982,1.1,1.811037580933648e-16
521,24,18,-2.799999999999998,1.1,1.6903017422047378e-16
522,29,34,-2.599999999999998,1.1,1.5695659034758278e-16
523,28,23,-2.3999999999999977,1.1,1.4488300647469177e-16
524,27,17,-2.199999999999997,1.1,1.3280942260180074e-16
525,27,23,-1.9999999999999971,1.1,1.2073583872890975e-16
526,28,30,-1.7999999999999972,1.1,1.0866225485601876e-16
527,24,20,-1.599999999999997,1.1,9.658867098312776e-17
528,25,36,-1.3999999999999968,1.1,8.451508711023676e-17
529,19,17,-1.1999999999999966,1.1,7.244150323734575e-17
530,27,30,-0.9999999999999964,1.1,6.036791936445475e-17
531,28,27,-0.7999999999999963,1.1,4.8294335491563747e-17
532,27,28,-0.5999999999999961,1.1,3.6220751618672745e-17
533,27,30,-0.3999999999999959,1.1,2.4147167745781738e-17
534,25,34,-0.1999999999999957,1.1,1.2073583872890733e-17
535,31,23,4.440892098500626e-15,1.1,-2.68087416108531e-31
536,26,25,0.2000000000000046,1.1,-1.207358387289127e-17
537,27,27,0.4000000000000048,1.1,-2.4147167745782274e-17
538,30,24,0.600000000000005,1.1,-3.622075161867328e-17
539,25,27,0.8000000000000052,1.1,-4.829433549156428e-17
540,29,23,1.000000000000005,1.1,-6.036791936445527e-17
541,29,19,1.2000000000000055,1.1,-7.244150323734629e-17
542,28,23,1.4000000000000057,1.1,-8.451508711023729e-17
543,26,21,1.600000000000006,1.1,-9.658867098312831e-17
544,27,20,1.800000000000006,1.1,-1.086622548560193e-16
545,29,26,2.000000000000006,1.1,-1.207358387289103e-16
546,26,32,2.2000000000000064,1.1,-1.328094226018013e-16
547,25,32,2.4000000000000066,1.1,-1.448830064746923e-16
548,28,31,2.6000000000000068,1.1,-1.5695659034758332e-16
549,30,24,2.800000000000007,1.1,-1.6903017422047433e-16
550,30,34,3.000000000000007,1.1,-1.811037580933653e-16
551,29,37,3.2000000000000064,1.1,-1.9317734196625627e-16
552,25,23,3.4000000000000075,1.1,-2.0525092583914733e-16
553,25,25,3.6000000000000085,1.1,-2.1732450971203838e-16
554,31,31,3.800000000000008,1.1,-2.293980935849293e-16
555,23,34,4.000000000000007,1.1,-2.414716774578203e-16
556,26,23,4.200000000000008,1.1,-2.5354526133071133e-16
557,28,25,4.400000000000009,1.1,-2.656188452036024e-16
558,23,15,4.6000000000000085,1.1,-2.7769242907649335e-16
559,28,24,4.800000000000008,1.1,-2.897660129493843e-16
560,29,23,5.000000000000009,1.1,-3.0183959682227536e-16
561,24,29,-5.0,1.2000000000000002,3.018395968222748e-16
562,21,16,-4.8,1.2000000000000002,2.8976601294938384e-16
563,21,21,-4.6,1.2000000000000002,2.776924290764928e-16
564,23,21,-4.4,1.2000000000000002,2.6561884520360187e-16
565,26,29,-4.199999999999999,1.2000000000000002,2.535452613307108e-16
566,25,20,-3.999999999999999,1.2000000000000002,2.414716774578198e-16
567,22,23,-3.799999999999999,1.2000000000000002,2.2939809358492877e-16
568,23,29,-3.5999999999999988,1.2000000000000002,2.173245097120378e-16
569,22,21,-3.3999999999999986,1.2000000000000002,2.0525092583914678e-16
570,14,25,-3.1999999999999984,1.2000000000000002,1.9317734196625578e-16
571,23,20,-2.9999999999999982,1.2000000000000002,1.811037580933648e-16
572,27,29,-2.799999999999998,1.2000000000000002,1.6903017422047378e-16
573,25,27,-2.599999999999998,1.2000000000000002,1.5695659034758278e-16
574,26,26,-2.3999999999999977,1.2000000000000002,1.4488300647469177e-16
575,15,21,-2.199999999999997,1.2000000000000002,1.3280942260180074e-16
576,18,20,-1.9999999999999971,1.2000000000000002,1.2073583872890975e-16
577,23,25,-1.7999999999999972,1.2000000000000002,1.0866225485601876e-16
578,25,26,-1.599999999999997,1.2000000000000002,9.658867098312776e-17
579,24,19,-1.3999999999999968,1.2000000000000002,8.451508711023676e-17
580,21,23,-1.1999999999999966,1.2000000000000002,7.244150323734575e-17
581,18,14,-0.9999999999999964,1.2000000000000002,6.036791936445475e-17
582,25,26,-0.7999999999999963,1.2000000000000002,4.8294335491563747e-17
583,23,30,-0.5999999999999961,1.2000000000000002,3.6220751618672745e-17
584,22,25,-0.3999999999999959,1.2000000000000002,2.4147167745781738e-17
585,21,17,-0.1999999999999957,1.2000000000000002,1.2073583872890733e-17
586,23,21,4.440892098500626e-15,1.2000000000000002,-2.68087416108531e-31
587,24,15,0.2000000000000046,1.2000000000000002,-1.207358387289127e-17
588,24,27,0.4000000000000048,1.2000000000000002,-2.4147167745782274e-17
589,19,18,0.600000000000005,1.2000000000000002,-3.622075161867328e-17
590,23,27,0.8000000000000052,1.2000000000000002,-4.829433549156428e-17
591,23,22,1.000000000000005,1.2000000000000002,-6.036791936445527e-17
592,19,29,1.2000000000000055,1.2000000000000002,-7.244150323734629e-17
593,19,21,1.4000000000000057,1.2000000000000002,-8.451508711023729e-17
594,19,24,1.600000000000006,1.2000000000000002,-9.658867098312831e-17
595,27,26,1.800000000000006,1.2000000000000002,-1.086622548560193e-16
596,23,20,2.000000000000006,1.2000000000000002,-1.207358387289103e-16
597,19,21,2.2000000000000064,1.2000000000000002,-1.328094226018013e-16
598,26,33,2.4000000000000066,1.2000000000000002,-1.448830064746923e-16
599,23,23,2.6000000000000068,1.2000000000000002,-1.5695659034758332e-16
600,23,23,2.800000000000007,1.2000000000000002,-1.6903017422047433e-16
601,21,23,3.000000000000007,1.2000000000000002,-1.811037580933653e-16
602,21,24,3.2000000000000064,1.2000000000000002,-1.9317734196625627e-16
603,20,28,3.4000000000000075,1.2000000000000002,-2.0525092583914733e-16
604,22,30,3.6000000000000085,1.2000000000000002,-2.1732450971203838e-16
605,20,28,3.800000000000008,1.2000000000000002,-2.293980935849293e-16
606,25,20,4.000000000000007,1.2000000000000002,-2.414716774578203e-16
607,23,23,4.200000000000008,1.2000000000000002,-2.5354526133071133e-16
608,22,23,4.400000000000009,1.2000000000000002,-2.656188452036024e-16
609,22,32,4.6000000000000085,1.2000000000000002,-2.7769242907649335e-16
610,25,25,4.800000000000008,1.2000000000000002,-2.897660129493843e-16
611,25,25,5.000000000000009,1.2000000000000002,-3.0183959682227536e-16
612,22,28,-5.0,1.3000000000000005,3.018395968222748e-16
613,18,22,-4.8,1.3000000000000005,2.8976601294938384e-16
614,21,19,-4.6,1.3000000000000005,2.776924290764928e-16
615,17,26,-4.4,1.3000000000000005,2.6561884520360187e-16
616,22,23,-4.199999999999999,1.3000000000000005,2.535452613307108e-16
617,22,21,-3.999999999999999,1.3000000000000005,2.414716774578198e-16
618,20,18,-3.799999999999999,1.3000000000000005,2.2939809358492877e-16
619,14,16,-3.5999999999999988,1.3000000000000005,2.173245097120378e-16
620,14,22,-3.3999999999999986,1.3000000000000005,2.0525092583914678e-16
621,15,15,-3.1999999999999984,1.3000000000000005,1.9317734196625578e-16
622,18,21,-2.9999999999999982,1.3000000000000005,1.811037580933648e-16
623,20,23,-2.799999999999998,1.3000000000000005,1.6903017422047378e-16
624,14,18,-2.599999999999998,1.3000000000000005,1.5695659034758278e-16
625,18,16,-2.3999999999999977,1.3000000000000005,1.4488300647469177e-16
626,19,19,-2.199999999999997,1.3000000000000005,1.3280942260180074e-16
627,18,18,-1.9999999999999971,1.3000000000000005,1.2073583872890975e-16
628,23,24,-1.7999999999999972,1.3000000000000005,1.0866225485601876e-16
629,19,14,-1.599999999999997,1.3000000000000005,9.658867098312776e-17
630,17,21,-1.3999999999999968,1.3000000000000005,8.451508711023676e-17
631,19,28,-1.1999999999999966,1.3000000000000005,7.244150323734575e-17
632,17,24,-0.9999999999999964,1.3000000000000005,6.036791936445475e-17
633,18,18,-0.7999999999999963,1.3000000000000005,4.8294335491563747e-17
634,21,20,-0.5999999999999961,1.3000000000000005,3.6220751618672745e-17
635,15,16,-0.3999999999999959,1.3000000000000005,2.4147167745781738e-17
636,20,20,-0.1999999999999957,1.3000000000000005,1.2073583872890733e-17
637,19,18,4.440892098500626e-15,1.3000000000000005,-2.68087416108531e-31
638,15,20,0.2000000000000046,1.3000000000000005,-1.207358387289127e-17
639,16,22,0.4000000000000048,1.3000000000000005,-2.4147167745782274e-17
640,14,23,0.600000000000005,1.3000000000000005,-3.622075161867328e-17
641,16,14,0.8000000000000052,1.3000000000000005,-4.829433549156428e-17
642,21,28,1.000000000000005,1.3000000000000005,-6.036791936445527e-17
643,16,15,1.2000000000000055,1.3000000000000005,-7.244150323734629e-17
644,19,28,1.4000000000000057,1.3000000000000005,-8.451508711023729e-17
645,14,18,1.600000000000006,1.3000000000000005,-9.658867098312831e-17
646,20,22,1.800000000000006,1.3000000000000005,-1.086622548560193e-16
647,19,16,2.000000000000006,1.3000000000000005,-1.207358387289103e-16
648,20,25,2.2000000000000064,1.3000000000000005,-1.328094226018013e-16
649,14,18,2.4000000000000066,1.3000000000000005,-1.448830064746923e-16
650,20,22,2.6000000000000068,1.3000000000000005,-1.5695659034758332e-16
651,16,21,2.800000000000007,1.3000000000000005,-1.6903017422047433e-16
652,17,20,3.000000000000007,1.3000000000000005,-1.811037580933653e-16
653,14,14,3.2000000000000064,1.3000000000000005,-1.9317734196625627e-16
654,17,14,3.4000000000000075,1.3000000000000005,-2.0525092583914733e-16
655,18,17,3.6000000000000085,1.3000000000000005,-2.1732450971203838e-16
656,19,17,3.800000000000008,1.3000000000000005,-2.293980935849293e-16
657,19,18,4.000000000000007,1.3000000000000005,-2.414716774578203e-16
658,21,28,4.200000000000008,1.3000000000000005,-2.5354526133071133e-16
659,14,21,4.400000000000009,1.3000000000000005,-2.656188452036024e-16
660,14,15,4.6000000000000085,1.3000000000000005,-2.7769242907649335e-16
661,17,23,4.800000000000008,1.3000000000000005,-2.897660129493843e-16
662,17,17,5.000000000000009,1.3000000000000005,-3.0183959682227536e-16
663,14,16,-5.0,1.4,3.018395968222748e-16
664,15,16,-4.8,1.4,2.8976601294938384e-16
665,14,18,-4.6,1.4,2.776924290764928e-16
666,14,16,-4.4,1.4,2.6561884520360187e-16
667,14,15,-4.199999999999999,1.4,2.535452613307108e-16
668,14,17,-3.999999999999999,1.4,2.414716774578198e-16
669,16,19,-3.799999999999999,1.4,2.2939809358492877e-16
670,14,18,-3.5999999999999988,1.4,2.173245097120378e-16
671,14,15,-3.3999999999999986,1.4,2.0525092583914678e-16
672,14,15,-3.1999999999999984,1.4,1.9317734196625578e-16
673,20,26,-2.9999999999999982,1.4,1.811037580933648e-16
674,14,20,-2.799999999999998,1.4,1.6903017422047378e-16
675,16,22,-2.599999999999998,1.4,1.5695659034758278e-16
676,18,20,-2.3999999999999977,1.4,1.4488300647469177e-16
677,19,20,-2.199999999999997,1.4,1.3280942260180074e-16
678,14,14,-1.9999999999999971,1.4,1.2073583872890975e-16
679,15,20,-1.7999999999999972,1.4,1.0866225485601876e-16
680,14,15,-1.599999999999997,1.4,9.658867098312776e-17
681,15,18,-1.3999999999999968,1.4,8.451508711023676e-17
682,14,17,-1.1999999999999966,1.4,7.244150323734575e-17
683,16,14,-0.9999999999999964,1.4,6.036791936445475e-17
684,15,16,-0.7999999999999963,1.4,4.8294335491563747e-17
685,14,24,-0.5999999999999961,1.4,3.6220751618672745e-17
686,16,18,-0.3999999999999959,1.4,2.4147167745781738e-17
687,17,23,-0.1999999999999957,1.4,1.2073583872890733e-17
688,14,18,4.440892098500626e-15,1.4,-2.68087416108531e-31
689,14,17,0.2000000000000046,1.4,-1.207358387289127e-17
690,14,16,0.4000000000000048,1.4,-2.4147167745782274e-17
691,14,16,0.600000000000005,1.4,-3.622075161867328e-17
692,15,17,0.8000000000000052,1.4,-4.829433549156428e-17
693,14,21,1.000000000000005,1.4,-6.036791936445527e-17
694,16,33,1.2000000000000055,1.4,-7.244150323734629e-17
695,14,15,1.4000000000000057,1.4,-8.451508711023729e-17
696,18,19,1.600000000000006,1.4,-9.658867098312831e-17
697,14,17,1.800000000000006,1.4,-1.086622548560193e-16
698,17,15,2.000000000000006,1.4,-1.207358387289103e-16
699,14,14,2.2000000000000064,1.4,-1.328094226018013e-16
700,14,16,2.4000000000000066,1.4,-1.448830064746923e-16
701,14,14,2.6000000000000068,1.4,-1.5695659034758332e-16
702,14,15,2.800000000000007,1.4,-1.6903017422047433e-16
703,14,19,3.000000000000007,1.4,-1.811037580933653e-16
704,14,25,3.2000000000000064,1.4,-1.9317734196625627e-16
705,14,14,3.4000000000000075,1.4,-2.0525092583914733e-16
706,14,25,3.6000000000000085,1.4,-2.1732450971203838e-16
707,14,25,3.800000000000008,1.4,-2.293980935849293e-16
708,15,19,4.000000000000007,1.4,-2.414716774578203e-16
709,18,23,4.200000000000008,1.4,-2.5354526133071133e-16
710,14,16,4.400000000000009,1.4,-2.656188452036024e-16
711,14,23,4.6000000000000085,1.4,-2.7769242907649335e-16
712,14,16,4.800000000000008,1.4,-2.897660129493843e-16
713,14,16,5.000000000000009,1.4,-3.0183959682227536e-16
714,14,17,-5.0,1.5000000000000002,3.018395968222748e-16
715,14,21,-4.8,1.5000000000000002,2.8976601294938384e-16
716,14,16,-4.6,1.5000000000000002,2.776924290764928e-16
717,14,21,-4.4,1.5000000000000002,2.6561884520360187e-16
718,14,18,-4.199999999999999,1.5000000000000002,2.535452613307108e-16
719,14,20,-3.999999999999999,1.5000000000000002,2.414716774578198e-16
720,15,19,-3.799999999999999,1.5000000000000002,2.2939809358492877e-16
721,14,20,-3.5999999999999988,1.5000000000000002,2.173245097120378e-16
722,14,20,-3.3999999999999986,1.5000000000000002,2.0525092583914678e-16
723,14,18,-3.1999999999999984,1.5000000000000002,1.9317734196625578e-16
724,14,24,-2.9999999999999982,1.5000000000000002,1.811037580933648e-16
725,14,17,-2.799999999999998,1.5000000000000002,1.6903017422047378e-16
726,14,18,-2.599999999999998,1.5000000000000002,1.5695659034758278e-16
727,14,18,-2.3999999999999977,1.5000000000000002,1.4488300647469177e-16
728,14,19,-2.199999999999997,1.5000000000000002,1.3280942260180074e-16
729,14,18,-1.9999999999999971,1.5000000000000002,1.2073583872890975e-16
730,14,16,-1.7999999999999972,1.5000000000000002,1.0866225485601876e-16
731,14,14,-1.599999999999997,1.5000000000000002,9.658867098312776e-17
732,15,18,-1.3999999999999968,1.5000000000000002,8.451508711023676e-17
733,14,15,-1.1999999999999966,1.5000000000000002,7.244150323734575e-17
734,14,17,-0.9999999999999964,1.5000000000000002,6.036791936445475e-17
735,14,17,-0.7999999999999963,1.5000000000000002,4.8294335491563747e-17
736,14,15,-0.5999999999999961,1.5000000000000002,3.6220751618672745e-17
737,14,17,-0.3999999999999959,1.5000000000000002,2.4147167745781738e-17
738,14,15,-0.1999999999999957,1.5000000000000002,1.2073583872890733e-17
739,14,23,4.440892098500626e-15,1.5000000000000002,-2.68087416108531e-31
740,14,18,0.2000000000000046,1.5000000000000002,-1.207358387289127e-17
741,14,14,0.4000000000000048,1.5000000000000002,-2.4147167745782274e-17
742,14,18,0.600000000000005,1.5000000000000002,-3.622075161867328e-17
743,14,16,0.8000000000000052,1.5000000000000002,-4.829433549156428e-17
744,14,21,1.000000000000005,1.5000000000000002,-6.036791936445527e-17
745,14,26,1.2000000000000055,1.5000000000000002,-7.244150323734629e-17
746,14,17,1.4000000000000057,1.5000000000000002,-8.451508711023729e-17
747,14,18,1.600000000000006,1.5000000000000002,-9.658867098312831e-17
748,14,15,1.800000000000006,1.5000000000000002,-1.086622548560193e-16
749,14,21,2.000000000000006,1.5000000000000002,-1.207358387289103e-16
750,14,25,2.2000000000000064,1.5000000000000002,-1.328094226018013e-16
751,14,17,2.4000000000000066,1.5000000000000002,-1.448830064746923e-16
752,14,14,2.6000000000000068,1.5000000000000002,-1.5695659034758332e-16
753,14,27,2.800000000000007,1.5000000000000002,-1.6903017422047433e-16
754,14,15,3.000000000000007,1.5000000000000002,-1.811037580933653e-16
755,15,26,3.2000000000000064,1.5000000000000002,-1.9317734196625627e-16
756,14,21,3.4000000000000075,1.5000000000000002,-2.0525092583914733e-16
757,14,27,3.6000000000000085,1.5000000000000002,-2.1732450971203838e-16
758,14,20,3.800000000000008,1.5000000000000002,-2.293980935849293e-16
759,14,17,4.000000000000007,1.5000000000000002,-2.414716774578203e-16
760,20,24,4.200000000000008,1.5000000000000002,-2.5354526133071133e-16
761,14,14,4.400000000000009,1.5000000000000002,-2.656188452036024e-16
762,15,26,4.6000000000000085,1.5000000000000002,-2.7769242907649335e-16
763,14,25,4.800000000000008,1.5000000000000002,-2.897660129493843e-16
764,14,21,5.000000000000009,1.5000000000000002,-3.0183959682227536e-16
765,14,16,-5.0,1.6,3.018395968222748e-16
766,14,19,-4.8,1.6,2.8976601294938384e-16
767,14,14,-4.6,1.6,2.776924290764928e-16
768,14,14,-4.4,1.6,2.6561884520360187e-16
769,14,14,-4.199999999999999,1.6,2.535452613307108e-16
770,14,15,-3.999999999999999,1.6,2.414716774578198e-16
771,14,22,-3.799999999999999,1.6,2.2939809358492877e-16
772,14,15,-3.5999999999999988,1.6,2.173245097120378e-16
773,14,26,-3.3999999999999986,1.6,2.0525092583914678e-16
774,14,17,-3.1999999999999984,1.6,1.9317734196625578e-16
775,14,18,-2.9999999999999982,1.6,1.811037580933648e-16
776,14,16,-2.799999999999998,1.6,1.6903017422047378e-16
777,14,18,-2.599999999999998,1.6,1.5695659034758278e-16
778,14,19,-2.3999999999999977,1.6,1.4488300647469177e-16
779,14,21,-2.199999999999997,1.6,1.3280942260180074e-16
780,14,19,-1.9999999999999971,1.6,1.2073583872890975e-16
781,14,17,-1.7999999999999972,1.6,1.0866225485601876e-16
782,14,21,-1.599999999999997,1.6,9.658867098312776e-17
783,14,14,-1.3999999999999968,1.6,8.451508711023676e-17
784,14,17,-1.1999999999999966,1.6,7.244150323734575e-17
785,14,15,-0.9999999999999964,1.6,6.036791936445475e-17
786,14,17,-0.7999999999999963,1.6,4.8294335491563747e-17
787,14,16,-0.5999999999999961,1.6,3.6220751618672745e-17
788,14,19,-0.3999999999999959,1.6,2.4147167745781738e-17
789,14,16,-0.1999999999999957,1.6,1.2073583872890733e-17
790,14,15,4.440892098500626e-15,1.6,-2.68087416108531e-31
791,14,16,0.2000000000000046,1.6,-1.207358387289127e-17
792,14,17,0.4000000000000048,1.6,-2.4147167745782274e-17
793,14,16,0.600000000000005,1.6,-3.622075161867328e-17
794,14,15,0.8000000000000052,1.6,-4.829433549156428e-17
795,14,15,1.000000000000005,1.6,-6.036791936445527e-17
796,14,19,1.2000000000000055,1.6,-7.244150323734629e-17
797,14,18,1.4000000000000057,1.6,-8.451508711023729e-17
798,14,17,1.600000000000006,1.6,-9.658867098312831e-17
799,14,14,1.800000000000006,1.6,-1.086622548560193e-16
800,14,15,2.000000000000006,1.6,-1.207358387289103e-16
801,14,16,2.2000000000000064,1.6,-1.328094226018013e-16
802,14,14,2.4000000000000066,1.6,-1.448830064746923e-16
803,14,20,2.6000000000000068,1.6,-1.5695659034758332e-16
804,14,15,2.800000000000007,1.6,-1.6903017422047433e-16
805,14,16,3.000000000000007,1.6,-1.811037580933653e-16
806,14,25,3.2000000000000064,1.6,-1.9317734196625627e-16
807,14,14,3.4000000000000075,1.6,-2.0525092583914733e-16
808,14,21,3.6000000000000085,1.6,-2.1732450971203838e-16
809,14,18,3.800000000000008,1.6,-2.293980935849293e-16
810,14,16,4.000000000000007,1.6,-2.414716774578203e-16
811,14,16,4.200000000000008,1.6,-2.5354526133071133e-16
812,14,18,4.400000000000009,1.6,-2.656188452036024e-16
813,14,18,4.6000000000000085,1.6,-2.7769242907649335e-16
814,14,15,4.800000000000008,1.6,-2.897660129493843e-16
815,14,15,5.000000000000009,1.6,-3.0183959682227536e-16
816,14,15,-5.0,1.7000000000000002,3.018395968222748e-16
817,14,15,-4.8,1.7000000000000002,2.8976601294938384e-16
818,14,17,-4.6,1.7000000000000002,2.776924290764928e-16
819,14,20,-4.4,1.7000000000000002,2.6561884520360187e-16
820,14,15,-4.199999999999999,1.7000000000000002,2.535452613307108e-16
821,14,17,-3.999999999999999,1.7000000000000002,2.414716774578198e-16
822,14,21,-3.799999999999999,1.7000000000000002,2.2939809358492877e-16
823,14,16,-3.5999999999999988,1.7000000000000002,2.173245097120378e-16
824,14,20,-3.3999999999999986,1.7000000000000002,2.0525092583914678e-16
825,14,15,-3.1999999999999984,1.7000000000000002,1.9317734196625578e-16
826,14,19,-2.9999999999999982,1.7000000000000002,1.811037580933648e-16
827,14,16,-2.799999999999998,1.7000000000000002,1.6903017422047378e-16
828,14,20,-2.599999999999998,1.7000000000000002,1.5695659034758278e-16
829,14,16,-2.3999999999999977,1.7000000000000002,1.4488300647469177e-16
830,14,14,-2.199999999999997,1.7000000000000002,1.3280942260180074e-16
831,14,14,-1.9999999999999971,1.7000000000000002,1.2073583872890975e-16
832,14,18,-1.7999999999999972,1.7000000000000002,1.0866225485601876e-16
833,14,16,-1.599999999999997,1.7000000000000002,9.658867098312776e-17
834,14,14,-1.3999999999999968,1.7000000000000002,8.451508711023676e-17
835,14,17,-1.1999999999999966,1.7000000000000002,7.244150323734575e-17
836,14,17,-0.9999999999999964,1.7000000000000002,6.036791936445475e-17
837,14,16,-0.7999999999999963,1.7000000000000002,4.8294335491563747e-17
838,14,14,-0.5999999999999961,1.7000000000000002,3.6220751618672745e-17
839,14,19,-0.3999999999999959,1.7000000000000002,2.4147167745781738e-17
840,14,17,-0.1999999999999957,1.7000000000000002,1.2073583872890733e-17
841,14,15,4.440892098500626e-15,1.7000000000000002,-2.68087416108531e-31
842,14,14,0.2000000000000046,1.7000000000000002,-1.207358387289127e-17
843,14,19,0.4000000000000048,1.7000000000000002,-2.4147167745782274e-17
844,14,14,0.600000000000005,1.7000000000000002,-3.622075161867328e-17
845,14,18,0.8000000000000052,1.7000000000000002,-4.829433549156428e-17
846,14,16,1.000000000000005,1.7000000000000002,-6.036791936445527e-17
847,14,22,1.2000000000000055,1.7000000000000002,-7.244150323734629e-17
848,14,19,1.4000000000000057,1.7000000000000002,-8.451508711023729e-17
849,14,14,1.600000000000006,1.7000000000000002,-9.658867098312831e-17
850,14,16,1.800000000000006,1.7000000000000002,-1.086622548560193e-16
851,14,14,2.000000000000006,1.7000000000000002,-1.207358387289103e-16
852,14,14,2.2000000000000064,1.7000000000000002,-1.328094226018013e-16
853,14,20,2.4000000000000066,1.7000000000000002,-1.448830064746923e-16
854,14,14,2.6000000000000068,1.7000000000000002,-1.5695659034758332e-16
855,14,16,2.800000000000007,1.7000000000000002,-1.6903017422047433e-16
856,14,14,3.000000000000007,1.7000000000000002,-1.811037580933653e-16
857,14,20,3.2000000000000064,1.7000000000000002,-1.9317734196625627e-16
858,14,15,3.4000000000000075,1.7000000000000002,-2.0525092583914733e-16
859,14,14,3.6000000000000085,1.7000000000000002,-2.1732450971203838e-16
860,14,15,3.800000000000008,1.7000000000000002,-2.293980935849293e-16
861,14,14,4.000000000000007,1.7000000000000002,-2.414716774578203e-16
862,14,14,4.200000000000008,1.7000000000000002,-2.5354526133071133e-16
863,14,15,4.400000000000009,1.7000000000000002,-2.656188452036024e-16
864,14,20,4.6000000000000085,1.7000000000000002,-2.7769242907649335e-16
865,14,15,4.800000000000008,1.7000000000000002,-2.897660129493843e-16
866,14,14,5.000000000000009,1.7000000000000002,-3.0183959682227536e-16
867,14,15,-5.0,1.8000000000000005,3.018395968222748e-16
868,14,15,-4.8,1.8000000000000005,2.8976601294938384e-16
869,14,19,-4.6,1.8000000000000005,2.776924290764928e-16
870,14,15,-4.4,1.8000000000000005,2.6561884520360187e-16
871,14,20,-4.199999999999999,1.8000000000000005,2.535452613307108e-16
872,14,17,-3.999999999999999,1.8000000000000005,2.414716774578198e-16
873,14,20,-3.799999999999999,1.8000000000000005,2.2939809358492877e-16
874,14,15,-3.5999999999999988,1.8000000000000005,2.173245097120378e-16
875,14,14,-3.3999999999999986,1.8000000000000005,2.0525092583914678e-16
876,14,15,-3.1999999999999984,1.8000000000000005,1.9317734196625578e-16
877,14,14,-2.9999999999999982,1.8000000000000005,1.811037580933648e-16
878,14,14,-2.799999999999998,1.8000000000000005,1.6903017422047378e-16
879,14,18,-2.599999999999998,1.8000000000000005,1.5695659034758278e-16
880,14,15,-2.3999999999999977,1.8000000000000005,1.4488300647469177e-16
881,14,19,-2.199999999999997,1.8000000000000005,1.3280942260180074e-16
882,14,20,-1.9999999999999971,1.8000000000000005,1.2073583872890975e-16
883,14,21,-1.7999999999999972,1.8000000000000005,1.0866225485601876e-16
884,14,17,-1.599999999999997,1.8000000000000005,9.658867098312776e-17
885,14,17,-1.3999999999999968,1.8000000000000005,8.451508711023676e-17
886,14,15,-1.1999999999999966,1.8000000000000005,7.244150323734575e-17
887,14,14,-0.9999999999999964,1.8000000000000005,6.036791936445475e-17
888,14,15,-0.7999999999999963,1.8000000000000005,4.8294335491563747e-17
889,14,14,-0.5999999999999961,1.8000000000000005,3.6220751618672745e-17
890,14,17,-0.3999999999999959,1.8000000000000005,2.4147167745781738e-17
891,14,16,-0.1999999999999957,1.8000000000000005,1.2073583872890733e-17
892,14,14,4.440892098500626e-15,1.8000000000000005,-2.68087416108531e-31
893,14,17,0.2000000000000046,1.8000000000000005,-1.207358387289127e-17
894,14,16,0.4000000000000048,1.8000000000000005,-2.4147167745782274e-17
895,14,16,0.600000000000005,1.8000000000000005,-3.622075161867328e-17
896,14,14,0.8000000000000052,1.8000000000000005,-4.829433549156428e-17
897,14,15,1.000000000000005,1.8000000000000005,-6.036791936445527e-17
898,14,15,1.2000000000000055,1.8000000000000005,-7.244150323734629e-17
899,14,15,1.4000000000000057,1.8000000000000005,-8.451508711023729e-17
900,14,16,1.600000000000006,1.8000000000000005,-9.658867098312831e-17
901,14,14,1.800000000000006,1.8000000000000005,-1.086622548560193e-16
902,14,20,2.000000000000006,1.8000000000000005,-1.207358387289103e-16
903,14,18,2.2000000000000064,1.8000000000000005,-1.328094226018013e-16
904,14,14,2.4000000000000066,1.8000000000000005,-1.448830064746923e-16
905,14,17,2.6000000000000068,1.8000000000000005,-1.5695659034758332e-16
906,14,14,2.800000000000007,1.8000000000000005,-1.6903017422047433e-16
907,14,14,3.000000000000007,1.8000000000000005,-1.811037580933653e-16
908,14,17,3.2000000000000064,1.8000000000000005,-1.9317734196625627e-16
909,14,15,3.4000000000000075,1.8000000000000005,-2.0525092583914733e-16
910,14,17,3.6000000000000085,1.8000000000000005,-2.1732450971203838e-16
911,14,19,3.800000000000008,1.8000000000000005,-2.293980935849293e-16
912,14,16,4.000000000000007,1.8000000000000005,-2.414716774578203e-16
913,14,19,4.200000000000008,1.8000000000000005,-2.5354526133071133e-16
914,14,15,4.400000000000009,1.8000000000000005,-2.656188452036024e-16
915,14,15,4.6000000000000085,1.8000000000000005,-2.7769242907649335e-16
916,14,17,4.800000000000008,1.8000000000000005,-2.897660129493843e-16
917,14,19,5.000000000000009,1.8000000000000005,-3.0183959682227536e-16
918,14,15,-5.0,1.9,3.018395968222748e-16
919,14,18,-4.8,1.9,2.8976601294938384e-16
920,14,21,-4.6,1.9,2.776924290764928e-16
921,14,14,-4.4,1.9,2.6561884520360187e-16
922,14,18,-4.199999999999999,1.9,2.535452613307108e-16
923,14,16,-3.999999999999999,1.9,2.414716774578198e-16
924,14,17,-3.799999999999999,1.9,2.2939809358492877e-16
925,14,16,-3.5999999999999988,1.9,2.173245097120378e-16
926,14,15,-3.3999999999999986,1.9,2.0525092583914678e-16
927,14,19,-3.1999999999999984,1.9,1.9317734196625578e-16
928,14,14,-2.9999999999999982,1.9,1.811037580933648e-16
929,14,16,-2.799999999999998,1.9,1.6903017422047378e-16
930,14,14,-2.599999999999998,1.9,1.5695659034758278e-16
931,14,15,-2.3999999999999977,1.9,1.4488300647469177e-16
932,14,19,-2.199999999999997,1.9,1.3280942260180074e-16
933,14,17,-1.9999999999999971,1.9,1.2073583872890975e-16
934,14,14,-1.7999999999999972,1.9,1.0866225485601876e-16
935,14,14,-1.599999999999997,1.9,9.658867098312776e-17
936,14,16,-1.3999999999999968,1.9,8.451508711023676e-17
937,14,15,-1.1999999999999966,1.9,7.244150323734575e-17
938,14,14,-0.9999999999999964,1.9,6.036791936445475e-17
939,14,14,-0.7999999999999963,1.9,4.8294335491563747e-17
940,14,16,-0.5999999999999961,1.9,3.6220751618672745e-17
941,14,14,-0.3999999999999959,1.9,2.4147167745781738e-17
942,14,14,-0.1999999999999957,1.9,1.2073583872890733e-17
943,14,14,4.440892098500626e-15,1.9,-2.68087416108531e-31
944,14,16,0.2000000000000046,1.9,-1.207358387289127e-17
945,14,16,0.4000000000000048,1.9,-2.4147167745782274e-17
946,14,14,0.600000000000005,1.9,-3.622075161867328e-17
947,14,14,0.8000000000000052,1.9,-4.829433549156428e-17
948,14,14,1.000000000000005,1.9,-6.036791936445527e-17
949,14,14,1.2000000000000055,1.9,-7.244150323734629e-17
950,14,16,1.4000000000000057,1.9,-8.451508711023729e-17
951,14,17,1.600000000000006,1.9,-9.658867098312831e-17
952,14,15,1.800000000000006,1.9,-1.086622548560193e-16
953,14,15,2.000000000000006,1.9,-1.207358387289103e-16
954,14,17,2.2000000000000064,1.9,-1.328094226018013e-16
955,14,14,2.4000000000000066,1.9,-1.448830064746923e-16
956,14,15,2.6000000000000068,1.9,-1.5695659034758332e-16
957,14,21,2.800000000000007,1.9,-1.6903017422047433e-16
958,14,15,3.000000000000007,1.9,-1.811037580933653e-16
959,14,17,3.2000000000000064,1.9,-1.9317734196625627e-16
960,14,14,3.4000000000000075,1.9,-2.0525092583914733e-16
961,14,15,3.6000000000000085,1.9,-2.1732450971203838e-16
962,14,16,3.800000000000008,1.9,-2.293980935849293e-16
963,14,16,4.000000000000007,1.9,-2.414716774578203e-16
964,14,14,4.200000000000008,1.9,-2.5354526133071133e-16
965,14,15,4.400000000000009,1.9,-2.656188452036024e-16
966,14,19,4.6000000000000085,1.9,-2.7769242907649335e-16
967,14,18,4.800000000000008,1.9,-2.897660129493843e-16
968,14,20,5.000000000000009,1.9,-3.0183959682227536e-16
969,14,15,-5.0,2.0,3.018395968222748e-16
970,14,15,-4.8,2.0,2.8976601294938384e-16
971,14,17,-4.6,2.0,2.776924290764928e-16
972,14,15,-4.4,2.0,2.6561884520360187e-16
973,14,14,-4.199999999999999,2.0,2.535452613307108e-16
974,14,14,-3.999999999999999,2.0,2.414716774578198e-16
975,14,15,-3.799999999999999,2.0,2.2939809358492877e-16
976,14,15,-3.5999999999999988,2.0,2.173245097120378e-16
977,14,16,-3.3999999999999986,2.0,2.0525092583914678e-16
978,14,14,-3.1999999999999984,2.0,1.9317734196625578e-16
979,14,14,-2.9999999999999982,2.0,1.811037580933648e-16
980,14,14,-2.799999999999998,2.0,1.6903017422047378e-16
981,14,19,-2.599999999999998,2.0,1.5695659034758278e-16
982,14,14,-2.3999999999999977,2.0,1.4488300647469177e-16
983,14,16,-2.199999999999997,2.0,1.3280942260180074e-16
984,14,14,-1.9999999999999971,2.0,1.2073583872890975e-16
985,14,16,-1.7999999999999972,2.0,1.0866225485601876e-16
986,14,14,-1.599999999999997,2.0,9.658867098312776e-17
987,14,17,-1.3999999999999968,2.0,8.451508711023676e-17
988,14,14,-1.1999999999999966,2.0,7.244150323734575e-17
989,14,14,-0.9999999999999964,2.0,6.036791936445475e-17
990,14,14,-0.7999999999999963,2.0,4.8294335491563747e-17
991,14,17,-0.5999999999999961,2.0,3.6220751618672745e-17
992,14,16,-0.3999999999999959,2.0,2.4147167745781738e-17
993,14,16,-0.1999999999999957,2.0,1.2073583872890733e-17
994,14,14,4.440892098500626e-15,2.0,-2.68087416108531e-31
995,14,17,0.2000000000000046,2.0,-1.207358387289127e-17
996,14,16,0.4000000000000048,2.0,-2.4147167745782274e-17
997,14,17,0.600000000000005,2.0,-3.622075161867328e-17
998,14,16,0.8000000000000052,2.0,-4.829433549156428e-17
999,14,15,1.000000000000005,2.0,-6.036791936445527e-17
1000,14,15,1.2000000000000055,2.0,-7.244150323734629e-17
1001,14,15,1.4000000000000057,2.0,-8.451508711023729e-17
1002,14,15,1.600000000000006,2.0,-9.658867098312831e-17
1003,14,22,1.800000000000006,2.0,-1.086622548560193e-16
1004,14,16,2.000000000000006,2.0,-1.207358387289103e-16
1005,14,18,2.2000000000000064,2.0,-1.328094226018013e-16
1006,14,15,2.4000000000000066,2.0,-1.448830064746923e-16
1007,14,14,2.6000000000000068,2.0,-1.5695659034758332e-16
1008,14,15,2.800000000000007,2.0,-1.6903017422047433e-16
1009,14,18,3.000000000000007,2.0,-1.811037580933653e-16
1010,14,15,3.2000000000000064,2.0,-1.9317734196625627e-16
1011,14,14,3.4000000000000075,2.0,-2.0525092583914733e-16
1012,14,15,3.6000000000000085,2.0,-2.1732450971203838e-16
1013,14,15,3.800000000000008,2.0,-2.293980935849293e-16
1014,14,14,4.000000000000007,2.0,-2.414716774578203e-16
1015,14,18,4.200000000000008,2.0,-2.5354526133071133e-16
1016,14,14,4.400000000000009,2.0,-2.656188452036024e-16
1017,14,15,4.6000000000000085,2.0,-2.7769242907649335e-16
1018,14,14,4.800000000000008,2.0,-2.897660129493843e-16
1019,14,20,5.000000000000009,2.0,-3.0183959682227536e-16
