,MJD,Steered Frequencies
0,60142.583333333336,2.4214899907657653e-15
1,60142.666666666664,4.91491203818445e-15
2,60142.708333333336,3.018023539462715e-15
3,60142.75,2.7878449264505597e-15
4,60142.791666666664,3.8572642867016e-15
5,60142.833333333336,2.1659159649084553e-15
6,60142.875,6.795745565479591e-15
7,60142.916666666664,2.3792842235578963e-15
8,60142.958333333336,-2.1624159275232695e-15
9,60143.0,2.898277643695785e-15
10,60143.041666666664,1.4328102363180474e-15
11,60143.083333333336,2.7282096799421184e-15
12,60143.125,2.1444837327210872e-16
13,60143.166666666664,1.6003570733821413e-15
14,60143.208333333336,9.61678534115177e-16
15,60143.25,-3.2172263258500113e-15
16,60143.291666666664,-5.46951523942623e-15
17,60143.333333333336,2.638469177373847e-16
18,60143.375,-2.679066808681801e-15
19,60143.416666666664,5.378006847950709e-15
20,60143.458333333336,-9.229543430308057e-16
21,60143.5,3.553802847496698e-15
22,60143.541666666664,1.346870292370103e-15
23,60143.583333333336,6.41031643542842e-16
24,60143.625,1.3535892227366777e-15
25,60143.666666666664,4.263778675998055e-15
26,60143.708333333336,2.3344572756479902e-15
27,60143.75,-2.4363912560436984e-15
28,60143.791666666664,1.1647563670503279e-16
29,60143.833333333336,-8.367419021113885e-16
30,60143.875,3.070922951405134e-15
31,60143.916666666664,9.524604528107197e-17
32,60144.0,1.6603520311184753e-15
33,60144.041666666664,-1.9742069186063265e-15
34,60144.083333333336,3.1817245922378894e-15
35,60144.125,-3.0569430991248256e-15
36,60144.166666666664,-3.1718628634786026e-15
37,60144.208333333336,2.0258728751363343e-15
38,60144.25,1.393776516529342e-15
39,60144.291666666664,-1.9772607088282055e-15
40,60144.333333333336,-7.486942743056099e-16
41,60144.375,3.985915182344813e-15
42,60144.416666666664,2.5578761497660763e-15
43,60144.458333333336,5.2563911656178635e-15
44,60144.5,-3.6479052709589044e-15
45,60144.541666666664,7.105795649831353e-15
46,60144.583333333336,1.7407036574274072e-15
47,60144.625,3.758351752529191e-15
48,60144.666666666664,8.547343237085704e-16
49,60144.708333333336,6.392046700798389e-15
50,60144.75,7.61365175634152e-15
51,60144.791666666664,5.4627283623828425e-15
52,60144.833333333336,4.557882496499514e-16
53,60144.875,-2.3487473764363112e-15
54,60144.916666666664,-3.811505527096656e-16
55,60144.958333333336,-2.8636811693719206e-15
56,60145.0,-4.1076737972020784e-15
57,60145.041666666664,-1.638469873537145e-15
58,60145.083333333336,-2.6206954522013126e-15
59,60145.125,8.277674301661153e-16
60,60145.166666666664,9.804779660581686e-16
61,60145.208333333336,-4.292303189172413e-15
62,60145.25,5.260245338263783e-16
63,60145.291666666664,4.979054379328814e-15
64,60145.333333333336,2.953102093081747e-15
65,60145.375,2.4976258313880665e-15
66,60145.416666666664,4.526076693038373e-15
67,60145.458333333336,5.782607237756136e-15
68,60145.5,3.4386623841918847e-15
69,60145.541666666664,6.618912924529998e-15
70,60145.583333333336,1.3414428737809869e-15
71,60145.625,9.504618945464186e-15
72,60145.666666666664,6.338947274515327e-15
73,60145.708333333336,5.102479351788732e-15
74,60145.75,2.0381577718939252e-15
75,60145.791666666664,9.546794279310396e-16
76,60145.833333333336,1.6681611957135393e-15
77,60145.875,-2.60848011368643e-15
78,60145.916666666664,2.124264825205855e-15
79,60145.958333333336,-1.3740521723148286e-15
80,60146.0,-7.498058914001471e-16
81,60146.041666666664,3.2258293881198344e-16
82,60146.083333333336,-2.6828221422993813e-15
83,60146.125,-9.793605018110441e-17
84,60146.166666666664,2.0908974557985558e-15
85,60146.208333333336,-5.766381010981519e-15
86,60146.25,5.189815339249519e-15
87,60146.291666666664,2.4464425362865752e-15
88,60146.333333333336,-3.3109630315725736e-15
89,60146.375,1.009704051772702e-15
90,60146.416666666664,-7.290523797945891e-17
91,60146.458333333336,6.6579403418167145e-15
92,60146.5,7.074475319946811e-16
93,60146.541666666664,-4.406090015926621e-16
94,60146.583333333336,5.591556247290841e-15
95,60146.666666666664,6.734122356580969e-15
96,60146.708333333336,4.586736240124968e-15
97,60146.75,2.3645362775899505e-15
98,60146.791666666664,7.867535599031766e-15
99,60146.833333333336,-2.3864667136153275e-16
100,60146.875,2.0511912478182283e-15
101,60146.916666666664,4.482803264163542e-15
102,60146.958333333336,3.143951943969297e-15
103,60147.0,3.560329316705187e-15
104,60147.041666666664,2.510550511678791e-15
105,60147.083333333336,1.6677830920878378e-16
106,60147.125,3.12720631122739e-15
107,60147.166666666664,-5.2127596190567424e-15
108,60147.208333333336,-1.8147914574499308e-15
109,60147.25,4.440192023625398e-15
110,60147.291666666664,2.7589032041442154e-16
111,60147.333333333336,5.8682772824711625e-15
112,60147.375,4.770984930368867e-15
113,60147.416666666664,8.904080890842466e-16
114,60147.458333333336,1.1251623403292491e-15
115,60147.5,2.667282405583024e-15
116,60147.541666666664,2.9048144701926287e-15
117,60147.583333333336,1.5991969595239542e-15
118,60147.625,1.5557228148627881e-15
119,60147.666666666664,5.526492783223377e-15
120,60147.708333333336,3.5136098260699146e-15
121,60147.75,-1.339098482678333e-15
122,60147.791666666664,4.547241442551402e-15
123,60147.833333333336,5.339281829548204e-15
124,60147.875,-1.0632039879679978e-14
125,60147.916666666664,-1.7303904018568256e-15
126,60148.0,3.301390406556113e-15
127,60148.041666666664,2.1246952138156934e-16
128,60148.083333333336,7.1006291895306e-15
129,60148.125,9.73275362033094e-16
130,60148.166666666664,3.1454491851332875e-15
131,60148.208333333336,2.510930763190389e-15
132,60148.25,-5.5698183350735516e-15
133,60148.291666666664,-1.5127895921427765e-15
134,60148.333333333336,1.6536643163678132e-15
135,60148.375,-3.7763954312482363e-16
136,60148.416666666664,4.8237236845015775e-15
137,60148.458333333336,-3.5094682914129857e-16
138,60148.5,-1.9577343787208214e-15
139,60148.541666666664,5.961764356996154e-15
140,60148.583333333336,2.7590808539489285e-15
141,60148.625,4.048919371936056e-15
142,60148.666666666664,5.144156807763091e-15
143,60148.708333333336,-5.345534191646122e-16
144,60148.75,1.9794457923851314e-15
145,60148.791666666664,1.505729088540804e-15
146,60148.833333333336,8.216178511001704e-16
147,60148.875,-2.5449687656834054e-15
148,60148.916666666664,-1.6078055988644099e-15
149,60148.958333333336,2.42199204372727e-16
150,60149.0,4.221077624320311e-15
151,60149.041666666664,-1.2581322384386883e-15
152,60149.083333333336,1.882649368161719e-17
153,60149.125,9.02424519712387e-16
154,60149.166666666664,2.8358238673527205e-15
155,60149.208333333336,-5.214951312459843e-15
156,60149.25,-4.1710336198997243e-16
157,60149.291666666664,3.4678431601476915e-15
158,60149.333333333336,3.928412915470968e-15
159,60149.375,-2.89547740966924e-15
160,60149.416666666664,3.273342217808153e-15
161,60149.458333333336,5.729205415300144e-16
162,60149.5,1.0009314911715602e-15
163,60149.541666666664,2.737973514310444e-15
164,60149.583333333336,3.2341173269675487e-16
165,60149.625,2.941616822441428e-15
166,60149.666666666664,6.145832226329898e-16
167,60149.708333333336,1.8890373157520275e-15
168,60149.75,-2.7441671922667834e-15
169,60149.791666666664,-5.886286699250256e-16
170,60149.833333333336,5.425834340177045e-16
171,60149.875,-1.5768132033052009e-15
172,60149.916666666664,4.09266706550646e-16
173,60149.958333333336,-6.168272970805973e-15
174,60150.0,2.9892792075036667e-15
175,60150.041666666664,2.034882517239726e-15
176,60150.083333333336,-2.83848045926867e-16
177,60150.125,6.993511452279615e-16
178,60150.166666666664,3.987960627389562e-15
179,60150.208333333336,-3.486427071384315e-15
180,60150.25,1.7563331560019505e-15
181,60150.291666666664,-1.0392958174474048e-15
182,60150.333333333336,-1.1007102438586883e-15
183,60150.375,-1.4147619208138526e-15
184,60150.416666666664,3.7811108471622104e-15
185,60150.458333333336,-2.100814058711717e-15
186,60150.5,6.146403917464177e-15
187,60150.541666666664,-6.456943911485031e-15
188,60150.583333333336,5.39499471606704e-15
189,60150.666666666664,3.747720972537237e-15
190,60150.708333333336,1.6313782914802166e-15
191,60150.75,2.2647857103277933e-15
192,60150.791666666664,-7.580098751148746e-16
193,60150.833333333336,2.7688038266215293e-15
194,60150.875,5.565976190623928e-15
195,60150.916666666664,2.6371725082763024e-16
196,60150.958333333336,5.4844453718268364e-15
197,60151.0,1.405416549244073e-15
198,60151.041666666664,-3.3241490602951724e-16
199,60151.083333333336,4.233967347466064e-15
200,60151.125,-1.3186056461800053e-15
201,60151.166666666664,-1.4633744902496373e-15
202,60151.208333333336,5.714206657635416e-16
203,60151.25,5.241760876899363e-15
204,60151.291666666664,-9.346130264759752e-16
205,60151.333333333336,-2.6291432148446837e-16
206,60151.375,-2.6647570145782948e-15
207,60151.416666666664,-6.72476115096008e-15
208,60151.458333333336,2.6319943698121655e-15
209,60151.5,4.4934721592201964e-15
210,60151.541666666664,3.1054747134944403e-15
211,60151.583333333336,3.75120283815389e-15
212,60151.625,1.756483667563487e-15
213,60151.666666666664,-2.4585870472581184e-15
214,60151.708333333336,-3.14867279422953e-16
215,60151.75,-5.541542212427981e-16
216,60151.791666666664,3.3816736211675194e-15
217,60151.833333333336,-1.1596822827062271e-15
218,60151.875,1.5826530193236402e-15
219,60151.916666666664,1.2321298766661032e-15
220,60152.0,-8.980916762768323e-15
221,60152.041666666664,-4.129080763881768e-15
222,60152.083333333336,3.982952555191235e-15
223,60152.125,-3.7618733266398966e-15
224,60152.166666666664,7.5377134936597215e-16
225,60152.208333333336,-5.802262248395247e-15
226,60152.25,4.0840027827101257e-16
227,60152.291666666664,7.7554970872327e-15
228,60152.333333333336,-1.481389376126392e-15
229,60152.375,2.0007188911134236e-15
230,60152.416666666664,2.428407756263588e-15
231,60152.5,9.247481462865598e-18
232,60152.541666666664,3.753447448233961e-15
233,60152.583333333336,-5.380063657843337e-16
234,60152.625,1.3184425425660207e-15
235,60152.666666666664,2.4722847684132465e-15
236,60152.708333333336,2.5525145828628568e-15
237,60152.75,5.986937221006651e-15
238,60152.791666666664,5.786130957254029e-15
239,60152.833333333336,-3.7256129777044815e-15
240,60152.875,3.779991116885691e-15
241,60152.916666666664,2.3055757051426385e-15
242,60152.958333333336,-4.117861742719262e-15
243,60153.0,-2.2000902788080325e-15
244,60153.041666666664,-3.8872192403708e-15
245,60153.083333333336,-6.633784748700222e-16
246,60153.125,1.3522544658420118e-16
247,60153.166666666664,-3.015837062170204e-15
248,60153.208333333336,-1.89508609061857e-15
249,60153.25,-6.457367302439128e-15
250,60153.291666666664,-1.837316291772278e-15
251,60153.333333333336,2.4418295363294923e-17
252,60153.375,-8.208569341794961e-15
253,60153.416666666664,2.137783090268525e-15
254,60153.458333333336,-2.7536601012565125e-15
255,60153.5,-1.032668633704287e-15
256,60153.541666666664,4.194104477616937e-15
257,60153.583333333336,5.587444255665695e-15
258,60153.625,1.9632158851703454e-15
259,60153.666666666664,-1.4752741026064975e-15
260,60153.708333333336,3.4746308445565317e-15
261,60153.75,-1.5415102456931327e-15
262,60153.791666666664,-3.2500164242426262e-15
263,60153.833333333336,-4.357537459276822e-15
264,60153.875,1.525035557800906e-15
265,60153.916666666664,-5.50278692964698e-16
266,60153.958333333336,5.26493241277631e-16
267,60154.0,-2.2778143553977293e-15
268,60154.041666666664,4.711199559298276e-16
269,60154.083333333336,2.1384304297817792e-15
270,60154.125,3.067908769060039e-15
271,60154.166666666664,-3.85750731204359e-15
272,60154.208333333336,9.859800115109395e-16
273,60154.25,-3.041282402468083e-15
274,60154.291666666664,6.104624083476894e-16
275,60154.333333333336,-3.340472483179463e-16
276,60154.375,-1.3151873652624064e-15
277,60154.416666666664,3.597866022726013e-15
278,60154.458333333336,-2.5799336948201786e-15
279,60154.5,1.0539267603274892e-15
280,60154.541666666664,-4.741334089130978e-16
281,60154.583333333336,-7.293409251883823e-16
282,60154.666666666664,-1.4615388430294798e-15
283,60154.708333333336,-3.4971882076846276e-15
284,60154.75,-2.5102337962778473e-17
285,60154.791666666664,1.2507297847862326e-15
286,60154.833333333336,1.9899779134237183e-15
287,60154.875,2.0889697935546433e-15
288,60154.916666666664,-2.259665483397092e-15
289,60154.958333333336,3.696564535673801e-16
290,60155.0,1.6801119904545788e-15
291,60155.041666666664,-7.843895683669327e-16
292,60155.083333333336,-3.0526537591358618e-15
293,60155.125,-7.182401903443953e-15
294,60155.166666666664,-4.2160754935286487e-16
295,60155.208333333336,-5.948864296133302e-15
296,60155.25,1.1528584665876763e-15
297,60155.291666666664,4.9993246718152645e-15
298,60155.333333333336,-9.121018030336936e-16
299,60155.375,-3.728806748589235e-15
300,60155.416666666664,-5.772159651428013e-15
301,60155.458333333336,2.795949849344791e-15
302,60155.5,5.733327599674836e-16
303,60155.541666666664,2.503302598347337e-15
304,60155.583333333336,-1.1729476926345941e-16
305,60155.625,8.029677161504989e-15
306,60155.666666666664,-2.894419677609007e-15
307,60155.708333333336,8.211014784156143e-17
308,60155.75,3.7402736931981285e-15
309,60155.791666666664,1.3286634317344858e-16
310,60155.833333333336,-1.029534923429852e-15
311,60155.875,-3.833400797168464e-15
312,60155.916666666664,-1.7536753049328512e-15
313,60156.0,-1.439636712396115e-15
314,60156.041666666664,1.7541646470146001e-15
315,60156.083333333336,1.9171672290053395e-15
316,60156.125,-4.768689523283781e-15
317,60156.166666666664,-2.5752993772772805e-15
318,60156.208333333336,-3.9765187927229944e-15
319,60156.25,-4.640077838886557e-15
320,60156.291666666664,-5.394418777610074e-15
321,60156.333333333336,1.6722900083426097e-16
322,60156.375,-3.723685030256908e-15
323,60156.416666666664,1.3803171793271561e-15
324,60156.458333333336,-3.2800969798013155e-16
325,60156.5,3.5058177087235783e-17
326,60156.541666666664,7.336251306396859e-15
327,60156.583333333336,3.4782129050108157e-15
328,60156.625,8.337372644028588e-16
329,60156.666666666664,7.41294466641583e-15
330,60156.708333333336,-1.120379365130646e-15
331,60156.75,-5.141821782405613e-16
332,60156.791666666664,-7.387514813174965e-16
333,60156.833333333336,-2.9952110717594823e-15
334,60156.875,8.337778339367341e-16
335,60156.916666666664,-1.3103843877080812e-15
336,60156.958333333336,-2.723438031056117e-15
337,60157.0,8.246619066406547e-16
338,60157.041666666664,1.608417018252121e-17
339,60157.083333333336,-2.670579324253028e-15
340,60157.125,-6.987412111513375e-15
341,60157.166666666664,3.757693744539031e-15
342,60157.208333333336,2.0246870298926478e-15
343,60157.25,-2.037898055721327e-15
344,60157.291666666664,3.1898457347328557e-15
345,60157.333333333336,-7.78479735862521e-15
346,60157.375,8.28648540072976e-16
347,60157.416666666664,-2.464238584060108e-15
348,60157.458333333336,-4.709141199899873e-15
349,60157.5,1.9239422304576039e-16
350,60157.541666666664,-3.7239891784359524e-15
351,60157.583333333336,-7.705825044922055e-15
352,60157.625,1.518351446213054e-15
353,60157.666666666664,2.668189374652519e-15
354,60157.708333333336,-9.182466583982553e-15
355,60157.75,-5.122558822548629e-15
356,60157.791666666664,-7.394393222871163e-15
357,60157.833333333336,1.027303388247567e-15
358,60157.875,-2.8643354321254267e-15
359,60157.916666666664,-3.174625626440629e-15
360,60157.958333333336,-5.051412675312542e-15
361,60158.0,-4.236860354879048e-15
362,60158.041666666664,-1.9879765676145172e-15
363,60158.083333333336,-5.18015568327509e-15
364,60158.125,-3.9007316155440374e-15
365,60158.166666666664,-4.2967140021253944e-15
366,60158.208333333336,2.290315693991138e-20
367,60158.25,-3.5630927233993795e-16
368,60158.291666666664,2.6924931791813863e-15
369,60158.333333333336,-4.495022074700759e-15
370,60158.375,1.5250532122405243e-15
371,60158.416666666664,1.6728441621112078e-15
372,60158.458333333336,-2.1411509180702162e-15
373,60158.5,3.900019000952236e-15
374,60158.541666666664,7.207167060182371e-15
375,60158.583333333336,-2.5544446103130994e-15
376,60158.666666666664,8.443192038058606e-17
377,60158.708333333336,-1.9366483736537875e-15
378,60158.75,-1.6551960391913573e-15
379,60158.791666666664,-1.6529780817589056e-15
380,60158.833333333336,-6.963516413684352e-15
381,60158.875,-4.60145444206042e-15
382,60158.916666666664,-2.718542262310915e-16
383,60158.958333333336,2.7450895251783684e-15
384,60159.0,2.2176590698298545e-15
385,60159.041666666664,5.520524667046877e-15
386,60159.083333333336,-3.688840063797373e-15
387,60159.125,-7.279964769340159e-15
388,60159.166666666664,-3.8908361751297564e-15
389,60159.208333333336,8.545645766046095e-16
390,60159.25,-1.0822333510033021e-15
391,60159.291666666664,-4.473794026390733e-16
392,60159.333333333336,1.1593599676411528e-15
393,60159.375,1.1988901758653828e-15
394,60159.416666666664,-4.2138607816893023e-16
395,60159.458333333336,-8.871138875735274e-15
396,60159.5,5.119163946806232e-15
397,60159.541666666664,3.801582230044764e-15
398,60159.583333333336,3.2256557492689883e-15
399,60159.625,2.0838275544311037e-15
400,60159.666666666664,-4.0410253523601844e-16
401,60159.708333333336,2.94847862394365e-15
402,60159.75,2.2967870037817847e-15
403,60159.791666666664,-2.184881979675732e-15
404,60159.833333333336,-6.7381892114357656e-15
405,60159.875,2.3473253450693995e-15
406,60159.916666666664,-4.852518627504406e-15
407,60160.0,-2.3876906872291085e-15
408,60160.041666666664,1.261147828850931e-15
409,60160.083333333336,1.3296049418003826e-15
410,60160.125,1.5669355855394296e-16
411,60160.166666666664,-6.098961819577744e-15
412,60160.208333333336,2.958991486255757e-15
413,60160.25,-3.4914096774763477e-15
414,60160.291666666664,-4.059780549845432e-15
415,60160.333333333336,-3.4181790964065974e-16
416,60160.375,-5.700062546743435e-15
417,60160.416666666664,5.2509953523831594e-15
418,60160.458333333336,-9.39921171904348e-15
419,60160.5,9.012047801379856e-16
420,60160.541666666664,1.5477624263406195e-15
421,60160.583333333336,1.8117039810318323e-15
422,60160.625,-1.9893394659543468e-15
423,60160.666666666664,-1.1109722272558389e-15
424,60160.708333333336,4.4848086579289954e-15
425,60160.75,-5.430356136962004e-15
426,60160.791666666664,-6.143522412889868e-15
427,60160.833333333336,1.7922907626465822e-15
428,60160.875,-1.0127644387317565e-15
429,60160.916666666664,3.90991686093364e-15
430,60160.958333333336,-2.7586558052579525e-15
431,60161.0,5.323845800080054e-15
432,60161.041666666664,2.199476010588951e-15
433,60161.083333333336,-2.3272264415030258e-15
434,60161.125,-2.9636912631767488e-15
435,60161.166666666664,1.9676634959152872e-16
436,60161.208333333336,-3.7460266418120605e-15
437,60161.25,2.0335602432380948e-15
438,60161.291666666664,-2.868447198549199e-15
439,60161.333333333336,-6.515001476917012e-15
440,60161.375,-7.370592458757456e-16
441,60161.416666666664,-7.975929128297915e-16
442,60161.458333333336,3.909333200503196e-15
443,60161.5,-3.4083885940694293e-15
444,60161.541666666664,-7.830443931051085e-15
445,60161.583333333336,6.3621575889069224e-15
446,60161.625,9.553662411514295e-16
447,60161.666666666664,-5.17572452365435e-15
448,60161.708333333336,-7.482589078641231e-16
449,60161.75,6.785065234494409e-16
450,60161.791666666664,-1.2017275749966161e-15
451,60161.833333333336,-2.2031638806199817e-15
452,60161.875,-6.905210075035761e-15
453,60161.916666666664,-5.928263338233284e-16
454,60161.958333333336,-2.7384809390310557e-15
455,60162.0,-8.241036464158459e-15
456,60162.041666666664,4.767746724201518e-15
457,60162.083333333336,-1.5380657361296458e-15
458,60162.125,6.999985648372925e-16
459,60162.166666666664,-2.171942476156605e-15
460,60162.208333333336,-2.7089853694532775e-15
461,60162.25,-3.388752903405889e-16
462,60162.291666666664,1.1600633046391273e-15
463,60162.333333333336,2.802203609727068e-15
464,60162.375,-2.422112563881566e-15
465,60162.416666666664,3.632492889325045e-15
466,60162.458333333336,2.093934204995739e-15
467,60162.5,-1.7684694721183158e-15
468,60162.541666666664,-1.8512667022614414e-15
469,60162.583333333336,-6.513512241755966e-16
470,60162.666666666664,2.4284397510694876e-15
471,60162.708333333336,1.2026490877218818e-15
472,60162.75,-3.2819529805781387e-15
473,60162.791666666664,-1.010027134883169e-15
474,60162.833333333336,-1.9265620070474292e-15
475,60162.875,-3.0441660415002934e-15
476,60162.916666666664,-4.47134353384939e-15
477,60162.958333333336,-4.817744572086139e-15
478,60163.0,-5.860242674958018e-15
479,60163.041666666664,-3.0900899693999645e-15
480,60163.083333333336,-3.3341044440430978e-15
481,60163.125,-1.4748876159151956e-15
482,60163.166666666664,4.452004339308407e-15
483,60163.208333333336,-2.677642832780581e-16
484,60163.25,2.3247859223903176e-15
485,60163.291666666664,-4.4602200982475886e-15
486,60163.333333333336,-4.417290719112434e-15
487,60163.375,4.5185052365446e-16
488,60163.416666666664,1.9892986512527407e-15
489,60163.458333333336,5.174839908675717e-15
490,60163.5,-2.6991922163409736e-16
491,60163.541666666664,4.644255208698034e-15
492,60163.583333333336,-9.71365975932158e-17
493,60163.625,-5.320144436496955e-16
494,60163.666666666664,-9.126003061970396e-15
495,60163.708333333336,1.4106530850341186e-15
496,60163.75,3.004162066649313e-16
497,60163.791666666664,-5.690224437813987e-16
498,60163.833333333336,3.6552381213214234e-15
499,60163.875,7.342358095294285e-17
500,60163.916666666664,-2.8851964053806825e-15
501,60164.0,1.1069294651058069e-15
502,60164.041666666664,-2.7034747002606133e-15
503,60164.083333333336,-2.05744685192618e-15
504,60164.125,-8.079961797835007e-16
505,60164.166666666664,-1.685857993142215e-15
506,60164.208333333336,-4.489049889217286e-15
507,60164.25,-2.794209663701962e-15
508,60164.291666666664,-4.5696658215211754e-15
509,60164.333333333336,8.398910800643152e-16
510,60164.375,-3.0866439372832917e-16
511,60164.416666666664,-6.308009596574903e-15
512,60164.458333333336,6.632982829323777e-15
513,60164.5,3.935717296630736e-15
514,60164.541666666664,-3.783685963290505e-15
515,60164.583333333336,-8.265449841436025e-17
516,60164.625,1.53999605941867e-15
517,60164.666666666664,-1.0823297466753532e-15
518,60164.708333333336,3.791580442059693e-15
519,60164.75,3.69482796729763e-15
520,60164.791666666664,-4.500338348903625e-15
521,60164.833333333336,-3.765522035262875e-15
522,60164.875,-5.246850660593695e-15
523,60164.916666666664,-2.9795487862946544e-15
524,60164.958333333336,2.2072916431869666e-15
525,60165.0,-3.896713608041912e-15
526,60165.041666666664,-2.0266255129938285e-16
527,60165.083333333336,3.883236964949412e-16
528,60165.125,1.208185349382268e-15
529,60165.166666666664,-1.6871541014645296e-16
530,60165.208333333336,1.9680016411934307e-15
531,60165.25,-4.3908473058087375e-16
532,60165.291666666664,-1.6000220325299605e-15
533,60165.333333333336,2.3854437544050794e-16
534,60165.375,-4.254272442966696e-15
535,60165.416666666664,-7.350755519974966e-15
536,60165.458333333336,-3.827594655934374e-15
537,60165.5,-8.326789968478587e-16
538,60165.541666666664,-5.968449535458134e-16
539,60165.583333333336,3.6216512510005365e-15
540,60165.625,2.120977172320277e-15
541,60165.666666666664,5.556353475987277e-16
542,60165.708333333336,-4.154721574405684e-15
543,60165.75,5.467637801981335e-15
544,60165.791666666664,-8.677843048859347e-16
545,60165.833333333336,-3.7112558618819904e-16
546,60165.875,-3.1672651079484875e-15
547,60165.916666666664,-9.96722019138607e-16
548,60165.958333333336,-1.2901693200739742e-15
549,60166.0,-5.899974901746289e-15
550,60166.041666666664,-1.3634838477313614e-15
551,60166.083333333336,-7.0420926873972555e-15
552,60166.125,4.2391215911209507e-16
553,60166.166666666664,1.3297675045461896e-15
554,60166.208333333336,-1.5611724192482207e-15
555,60166.25,-8.999432203819902e-15
556,60166.291666666664,-1.07606227533809e-15
557,60166.333333333336,1.6631836742981833e-15
558,60166.375,-2.3553701484089033e-16
559,60166.416666666664,-3.7753758076574004e-16
560,60166.458333333336,-3.752004201926416e-15
561,60166.5,5.4912887234024316e-17
562,60166.541666666664,4.371020274897459e-15
563,60166.583333333336,5.7810227082518895e-15
564,60166.666666666664,-1.0246232717808573e-15
565,60166.708333333336,-1.2616791117738592e-15
566,60166.75,6.414132294027804e-15
567,60166.791666666664,-6.792961826108524e-16
568,60166.833333333336,-2.1227450985928324e-15
569,60166.875,-2.197073650058099e-15
570,60166.916666666664,-4.926765809541928e-15
571,60166.958333333336,-2.200740630096317e-15
572,60167.0,-5.847803627236962e-15
573,60167.041666666664,-2.9837312747203502e-15
574,60167.083333333336,8.064346104804935e-16
575,60167.125,-7.130706658898219e-16
576,60167.166666666664,1.0370728610464283e-15
577,60167.208333333336,-4.854325993814778e-16
578,60167.25,8.616155478567438e-16
579,60167.291666666664,3.062938125926399e-15
580,60167.333333333336,-5.741073278788554e-16
581,60167.375,-3.772289983969978e-15
582,60167.416666666664,-4.062712133856476e-15
583,60167.458333333336,-1.6172435469890721e-15
584,60167.5,4.172479897814522e-15
585,60167.541666666664,5.006168831783563e-15
586,60167.583333333336,3.450194019499591e-15
587,60167.625,1.3536553080325447e-15
588,60167.666666666664,9.995061145722168e-16
589,60167.708333333336,-2.8277575444847583e-15
590,60167.75,7.121406649590515e-16
591,60167.791666666664,3.5237325928147304e-15
592,60167.833333333336,-5.567168880911084e-15
593,60167.875,7.204771699880313e-16
594,60167.916666666664,-4.699040391089542e-15
595,60167.958333333336,-4.298565560687329e-15
596,60168.0,-1.0461947554682494e-15
597,60168.041666666664,-3.421699612418655e-15
598,60168.083333333336,-2.5744201767752862e-15
599,60168.125,-1.4448274801265458e-15
600,60168.166666666664,1.1156220953837203e-15
601,60168.208333333336,-1.6303693352581396e-15
602,60168.25,-5.946592524535531e-15
603,60168.291666666664,-7.251880795274619e-16
604,60168.333333333336,1.948400772202591e-16
605,60168.375,4.890645783335745e-15
606,60168.416666666664,6.252028535602046e-15
607,60168.458333333336,1.7652864394191126e-15
608,60168.5,4.0649193960818114e-16
609,60168.541666666664,3.076806886454629e-16
610,60168.583333333336,-2.1879792332506755e-16
611,60168.625,-2.4964275798281213e-15
612,60168.666666666664,2.478130286416596e-15
613,60168.708333333336,5.733070113086727e-15
614,60168.75,2.7221522419680224e-15
615,60168.791666666664,1.3214661759615107e-15
616,60168.833333333336,-2.3560862341541556e-15
617,60168.875,1.121402001242594e-15
618,60168.916666666664,-1.3899715306921068e-16
619,60168.958333333336,-1.5897473988804966e-15
620,60169.0,5.723723464488854e-15
621,60169.041666666664,-6.38037038654066e-15
622,60169.083333333336,7.081728248915136e-16
623,60169.125,1.455783020177222e-15
624,60169.166666666664,-4.9462400371628354e-15
625,60169.208333333336,-9.619794239097619e-16
626,60169.25,2.481627683861698e-15
627,60169.291666666664,-4.05970799869593e-15
628,60169.333333333336,-6.4822961935374475e-15
629,60169.375,-1.5388169429003834e-15
630,60169.416666666664,7.842178990749489e-17
631,60169.5,3.74162667141989e-15
632,60169.541666666664,-3.3446728097639896e-15
633,60169.583333333336,1.409062690158511e-16
634,60169.625,5.341160426368665e-15
635,60169.666666666664,-2.0714383242118206e-15
636,60169.708333333336,-3.327368901690359e-15
637,60169.75,7.001361267903319e-15
638,60169.791666666664,-1.9589394094270396e-15
639,60169.833333333336,3.395407685518603e-16
640,60169.875,-8.621226460933811e-16
641,60169.916666666664,9.176179815599761e-17
642,60169.958333333336,-9.864802432738991e-16
643,60170.0,-1.3069057052841766e-15
644,60170.041666666664,-8.046000160614341e-17
645,60170.083333333336,2.097803899709402e-15
646,60170.125,-7.679207484577535e-15
647,60170.166666666664,8.684912267104648e-16
648,60170.208333333336,2.583497045349482e-15
649,60170.25,-9.35254855023581e-16
650,60170.291666666664,2.3862345142584172e-15
651,60170.333333333336,-2.9089665735681995e-15
652,60170.375,-5.149413104233763e-16
653,60170.416666666664,9.611594957199745e-16
654,60170.458333333336,2.2871075365448104e-15
655,60170.5,4.025746603636698e-15
656,60170.541666666664,3.2212676524571077e-15
657,60170.583333333336,1.0805819295299928e-14
658,60170.625,1.478933515040564e-15
659,60170.666666666664,3.4606781696974888e-15
660,60170.708333333336,2.3912355898193033e-15
661,60170.75,3.3225660984891552e-15
662,60170.791666666664,1.1930848258802977e-15
663,60170.833333333336,1.6375865103700015e-15
664,60170.875,-3.1826968283895065e-15
665,60170.916666666664,4.1094177934374646e-15
666,60170.958333333336,2.874584082511398e-15
667,60171.0,6.851400250796253e-15
668,60171.041666666664,-3.4260086714300077e-15
669,60171.083333333336,-5.796799277615116e-15
670,60171.125,-7.855017364533847e-15
671,60171.166666666664,-4.047188812690456e-15
672,60171.208333333336,3.4557099915337123e-16
673,60171.25,-1.7080664255088973e-15
674,60171.291666666664,-6.426328030249164e-15
675,60171.333333333336,5.2253449024520027e-17
676,60171.375,9.605167650664505e-15
677,60171.416666666664,6.2550906452136925e-15
678,60171.458333333336,-6.58817931046399e-16
679,60171.5,3.787492079975115e-15
680,60171.541666666664,6.1939059556112264e-15
681,60171.583333333336,1.1181355205959944e-15
682,60171.625,-6.374475653952877e-16
683,60171.666666666664,4.275890483057754e-15
684,60171.708333333336,3.46514399616873e-15
685,60171.75,6.5281200101230505e-15
686,60171.791666666664,9.295573513715591e-17
687,60171.833333333336,-7.653029745188582e-17
688,60171.875,4.178969083651975e-16
689,60171.916666666664,-3.5474289044074987e-15
690,60171.958333333336,-1.963671268399397e-15
691,60172.0,2.0218754636930244e-15
692,60172.041666666664,-1.1971438951173143e-15
693,60172.083333333336,2.728740875209195e-16
694,60172.125,-3.3195077309375365e-15
695,60172.166666666664,-1.3440890616434902e-15
696,60172.208333333336,-7.006762357103488e-16
697,60172.25,2.3500543352354415e-15
698,60172.291666666664,8.727695680392691e-16
699,60172.333333333336,-3.3895774293759296e-15
700,60172.375,-1.973054844747809e-15
701,60172.416666666664,1.1094267149305749e-15
702,60172.458333333336,3.283677416977265e-15
